Command line invocation:
    /Applications/Xcode.app/Contents/Developer/usr/bin/xcodebuild test-without-building -project /Users/jean/.appium/node_modules/appium-xcuitest-driver/node_modules/appium-webdriveragent/WebDriverAgent.xcodeproj -scheme WebDriverAgentRunner -derivedDataPath /Users/jean/Library/Developer/Xcode/DerivedData/WebDriverAgent-entqkdybqjzegiahlgkxvxghpzdf -destination id=00008020-000D0CE43A99002E IPHONEOS_DEPLOYMENT_TARGET=18.7 DEVELOPMENT_TEAM=U284BGAVKL "CODE_SIGN_IDENTITY=Apple Development" PRODUCT_BUNDLE_IDENTIFIER=com.jean.wda.runner GCC_TREAT_WARNINGS_AS_ERRORS=0 COMPILER_INDEX_STORE_ENABLE=NO

Build settings from command line:
    CODE_SIGN_IDENTITY = Apple Development
    COMPILER_INDEX_STORE_ENABLE = NO
    DEVELOPMENT_TEAM = U284BGAVKL
    GCC_TREAT_WARNINGS_AS_ERRORS = 0
    IPHONEOS_DEPLOYMENT_TARGET = 18.7
    PRODUCT_BUNDLE_IDENTIFIER = com.jean.wda.runner

2026-08-22 00:25:53.369603+0200 WebDriverAgentRunner-Runner[3383:536655] [Default] Running tests...
    t =      nans Interface orientation changed to Portrait
Test Suite 'All tests' started at 2026-08-22 00:25:55.320.
Test Suite 'WebDriverAgentRunner.xctest' started at 2026-08-22 00:25:55.322.
Test Suite 'UITestingUITests' started at 2026-08-22 00:25:55.322.
    t =      nans Suite Set Up
2026-08-22 00:25:55.361787+0200 WebDriverAgentRunner-Runner[3383:536655] [User Defaults] Couldn't write values for keys (
    KeyboardAutocorrection
) in CFPrefsPlistSource<0x10921be80> (Domain: com.apple.keyboard.preferences, User: kCFPreferencesCurrentUser, ByHost: No, Container: (null), Contents Need Refresh: No): setting preferences outside an application's container requires user-preference-write or file-write-data sandbox access
2026-08-22 00:25:55.362633+0200 WebDriverAgentRunner-Runner[3383:536655] [User Defaults] Couldn't write values for keys (
    "KeyboardAutocorrection_changedAt"
) in CFPrefsPlistSource<0x10921be80> (Domain: com.apple.keyboard.preferences, User: kCFPreferencesCurrentUser, ByHost: No, Container: (null), Contents Need Refresh: No): setting preferences outside an application's container requires user-preference-write or file-write-data sandbox access
2026-08-22 00:25:55.362986+0200 WebDriverAgentRunner-Runner[3383:536655] [User Defaults] Couldn't write values for keys (
    "KeyboardAutocorrection_buildAtChange"
) in CFPrefsPlistSource<0x10921be80> (Domain: com.apple.keyboard.preferences, User: kCFPreferencesCurrentUser, ByHost: No, Container: (null), Contents Need Refresh: No): setting preferences outside an application's container requires user-preference-write or file-write-data sandbox access
2026-08-22 00:25:55.363424+0200 WebDriverAgentRunner-Runner[3383:536655] [User Defaults] Couldn't write values for keys (
    "KeyboardAutocorrection_previousValue"
) in CFPrefsPlistSource<0x10921be80> (Domain: com.apple.keyboard.preferences, User: kCFPreferencesCurrentUser, ByHost: No, Container: (null), Contents Need Refresh: No): setting preferences outside an application's container requires user-preference-write or file-write-data sandbox access
2026-08-22 00:25:55.363743+0200 WebDriverAgentRunner-Runner[3383:536655] [User Defaults] Couldn't write values for keys (
    "KeyboardAutocorrection_analyzedAt"
) in CFPrefsPlistSource<0x10921be80> (Domain: com.apple.keyboard.preferences, User: kCFPreferencesCurrentUser, ByHost: No, Container: (null), Contents Need Refresh: No): setting preferences outside an application's container requires user-preference-write or file-write-data sandbox access
2026-08-22 00:25:55.381304+0200 WebDriverAgentRunner-Runner[3383:536655] [User Defaults] Couldn't write values for keys (
    KeyboardPrediction
) in CFPrefsPlistSource<0x10921be80> (Domain: com.apple.keyboard.preferences, User: kCFPreferencesCurrentUser, ByHost: No, Container: (null), Contents Need Refresh: No): setting preferences outside an application's container requires user-preference-write or file-write-data sandbox access
2026-08-22 00:25:55.381773+0200 WebDriverAgentRunner-Runner[3383:536655] [User Defaults] Couldn't write values for keys (
    KeyboardShowPredictionBar
) in CFPrefsPlistSource<0x10921be80> (Domain: com.apple.keyboard.preferences, User: kCFPreferencesCurrentUser, ByHost: No, Container: (null), Contents Need Refresh: No): setting preferences outside an application's container requires user-preference-write or file-write-data sandbox access
2026-08-22 00:25:55.382164+0200 WebDriverAgentRunner-Runner[3383:536655] [User Defaults] Couldn't write values for keys (
    DidShowGestureKeyboardIntroduction
) in CFPrefsPlistSource<0x10921be80> (Domain: com.apple.keyboard.preferences, User: kCFPreferencesCurrentUser, ByHost: No, Container: (null), Contents Need Refresh: No): setting preferences outside an application's container requires user-preference-write or file-write-data sandbox access
Test Case '-[UITestingUITests testRunner]' started.
    t =     0.00s Start Test at 2026-08-22 00:25:55.392
    t =     0.00s Set Up
2026-08-22 00:25:55.398115+0200 WebDriverAgentRunner-Runner[3383:536655] Built at Aug 21 2026 12:37:17
2026-08-22 00:25:55.490009+0200 WebDriverAgentRunner-Runner[3383:536655] ServerURLHere->http://192.168.1.49:8100<-ServerURLHere
2026-08-22 00:25:56.430472+0200 WebDriverAgentRunner-Runner[3383:536655] Using singleton test manager
    t =    27.63s Open com.apple.Preferences
    t =    27.63s     Launch com.apple.Preferences
    t =    27.63s         Terminate com.apple.Preferences:3373
    t =    28.79s         Setting up automation session
2026-08-22 00:26:24.324657+0200 WebDriverAgentRunner-Runner[3383:536655] Waiting up to 10s until com.apple.Preferences is in idle state (including animations)
    t =    28.93s         Wait for com.apple.Preferences to idle
    t =    30.54s Pressing Home button
    t =    32.14s Open com.zhiliaoapp.musically
    t =    32.14s     Activate com.zhiliaoapp.musically
2026-08-22 00:26:27.636698+0200 WebDriverAgentRunner-Runner[3383:536655] Waiting up to 10s until com.zhiliaoapp.musically is in idle state (including animations)
    t =    32.25s         Wait for com.zhiliaoapp.musically to idle
2026-08-22 00:26:32.889033+0200 WebDriverAgentRunner-Runner[3383:536655] Getting the most recent active application (out of 1 total items)
    t =    37.51s Find the Application 'com.zhiliaoapp.musically'
    t =    37.53s     Requesting snapshot of accessibility hierarchy for app with pid 3371
    t =    37.59s Find the Application 'com.zhiliaoapp.musically'
    t =    37.59s     Requesting snapshot of accessibility hierarchy for app with pid 3371
2026-08-22 00:26:35.364836+0200 WebDriverAgentRunner-Runner[3383:536655] Getting the most recent active application (out of 1 total items)
    t =    39.98s Press Application 'com.zhiliaoapp.musically'[0.00, 0.00] -> (187.0, 650.0) for 0.5 seconds, then drag to Application 'com.zhiliaoapp.musically'[0.00, 0.00] -> (187.0, 200.0) with velocity of 500.00 pixels per second, and then hold for 0.0 seconds 
2026-08-22 00:26:35.369848+0200 WebDriverAgentRunner-Runner[3383:536655] Waiting up to 10s until com.zhiliaoapp.musically is in idle state (including animations)
    t =    39.98s     Wait for com.zhiliaoapp.musically to idle
    t =    39.99s     Find the Application 'com.zhiliaoapp.musically'
    t =    39.99s         Requesting snapshot of accessibility hierarchy for app with pid 3371
    t =    40.01s Application is configured to skip UI interruption handling
    t =    40.01s     Synthesize event
    t =    40.02s         Find the Application 'com.zhiliaoapp.musically'
    t =    40.02s             Requesting snapshot of accessibility hierarchy for app with pid 3371
    t =    40.05s         Find the Application 'com.zhiliaoapp.musically'
    t =    40.05s             Requesting snapshot of accessibility hierarchy for app with pid 3371
    t =    40.08s         Find the Application 'com.zhiliaoapp.musically'
    t =    40.08s             Requesting snapshot of accessibility hierarchy for app with pid 3371
    t =    40.11s         Find the Application 'com.zhiliaoapp.musically'
    t =    40.11s             Requesting snapshot of accessibility hierarchy for app with pid 3371
    t =    40.15s         Find the Application 'com.zhiliaoapp.musically'
    t =    40.15s             Requesting snapshot of accessibility hierarchy for app with pid 3371
2026-08-22 00:26:37.212460+0200 WebDriverAgentRunner-Runner[3383:536655] Waiting up to 10s until com.zhiliaoapp.musically is in idle state (including animations)
    t =    41.82s     Wait for com.zhiliaoapp.musically to idle
2026-08-22 00:27:16.828511+0200 WebDriverAgentRunner-Runner[3383:536655] Getting the most recent active application (out of 1 total items)
    t =    81.44s Find the Application 'com.zhiliaoapp.musically'
    t =    81.45s     Requesting snapshot of accessibility hierarchy for app with pid 3371
    t =    81.59s Find the Application 'com.zhiliaoapp.musically'
    t =    81.59s     Requesting snapshot of accessibility hierarchy for app with pid 3371
    t =    84.27s Device orientation changed to Portrait
    t =   113.91s Device orientation changed to Face Up
    t =   123.08s Terminate com.apple.Preferences:3384
    t =   124.28s Open com.apple.Preferences
    t =   124.28s     Launch com.apple.Preferences
    t =   124.46s         Setting up automation session
2026-08-22 00:27:59.885579+0200 WebDriverAgentRunner-Runner[3383:536655] Quiescence checks are disabled for com.apple.Preferences application. Making it to believe it is idling
    t =   125.56s Find the Application 'com.apple.Preferences'
    t =   125.57s     Requesting snapshot of accessibility hierarchy for app with pid 3390
    t =   125.73s Pressing Home button
    t =   127.40s Open com.zhiliaoapp.musically
    t =   127.41s     Activate com.zhiliaoapp.musically
2026-08-22 00:28:02.970057+0200 WebDriverAgentRunner-Runner[3383:536655] Quiescence checks are disabled for com.zhiliaoapp.musically application. Making it to believe it is idling
2026-08-22 00:28:06.021903+0200 WebDriverAgentRunner-Runner[3383:536655] Getting the most recent active application (out of 1 total items)
    t =   130.64s Find the Application 'com.zhiliaoapp.musically'
    t =   130.65s     Requesting snapshot of accessibility hierarchy for app with pid 3371
    t =   130.69s Find the Application 'com.zhiliaoapp.musically'
    t =   130.70s     Requesting snapshot of accessibility hierarchy for app with pid 3371
2026-08-22 00:28:07.524140+0200 WebDriverAgentRunner-Runner[3383:536655] Getting the most recent active application (out of 1 total items)
    t =   132.13s Press Application 'com.zhiliaoapp.musically'[0.00, 0.00] -> (187.0, 650.0) for 0.8 seconds, then drag to Application 'com.zhiliaoapp.musically'[0.00, 0.00] -> (187.0, 200.0) with velocity of 500.00 pixels per second, and then hold for 0.0 seconds 
2026-08-22 00:28:07.527735+0200 WebDriverAgentRunner-Runner[3383:536655] Quiescence checks are disabled for com.zhiliaoapp.musically application. Making it to believe it is idling
    t =   132.14s     Find the Application 'com.zhiliaoapp.musically'
    t =   132.15s         Requesting snapshot of accessibility hierarchy for app with pid 3371
    t =   132.21s Application is configured to skip UI interruption handling
    t =   132.22s     Synthesize event
    t =   132.23s         Find the Application 'com.zhiliaoapp.musically'
    t =   132.23s             Requesting snapshot of accessibility hierarchy for app with pid 3371
    t =   132.30s         Find the Application 'com.zhiliaoapp.musically'
    t =   132.30s             Requesting snapshot of accessibility hierarchy for app with pid 3371
    t =   132.36s         Find the Application 'com.zhiliaoapp.musically'
    t =   132.37s             Requesting snapshot of accessibility hierarchy for app with pid 3371
    t =   132.43s         Find the Application 'com.zhiliaoapp.musically'
    t =   132.43s             Requesting snapshot of accessibility hierarchy for app with pid 3371
    t =   132.50s         Find the Application 'com.zhiliaoapp.musically'
    t =   132.50s             Requesting snapshot of accessibility hierarchy for app with pid 3371
2026-08-22 00:28:09.927089+0200 WebDriverAgentRunner-Runner[3383:536655] Quiescence checks are disabled for com.zhiliaoapp.musically application. Making it to believe it is idling
2026-08-22 00:28:12.379459+0200 WebDriverAgentRunner-Runner[3383:536655] Getting the most recent active application (out of 1 total items)
    t =   136.99s Double tap Application 'com.zhiliaoapp.musically'[0.00, 0.00] -> (187.0, 406.0)
2026-08-22 00:28:12.381770+0200 WebDriverAgentRunner-Runner[3383:536655] Quiescence checks are disabled for com.zhiliaoapp.musically application. Making it to believe it is idling
    t =   136.99s     Find the Application 'com.zhiliaoapp.musically'
    t =   137.00s         Requesting snapshot of accessibility hierarchy for app with pid 3371
    t =   137.09s Application is configured to skip UI interruption handling
    t =   137.09s     Synthesize event
    t =   137.10s         Find the Application 'com.zhiliaoapp.musically'
    t =   137.10s             Requesting snapshot of accessibility hierarchy for app with pid 3371
    t =   137.18s         Find the Application 'com.zhiliaoapp.musically'
    t =   137.18s             Requesting snapshot of accessibility hierarchy for app with pid 3371
    t =   137.27s         Find the Application 'com.zhiliaoapp.musically'
    t =   137.27s             Requesting snapshot of accessibility hierarchy for app with pid 3371
2026-08-22 00:28:13.066321+0200 WebDriverAgentRunner-Runner[3383:536655] Quiescence checks are disabled for com.zhiliaoapp.musically application. Making it to believe it is idling
2026-08-22 00:28:13.626422+0200 WebDriverAgentRunner-Runner[3383:536655] Getting the most recent active application (out of 1 total items)
    t =   138.24s Press Application 'com.zhiliaoapp.musically'[0.00, 0.00] -> (187.0, 650.0) for 0.7 seconds, then drag to Application 'com.zhiliaoapp.musically'[0.00, 0.00] -> (187.0, 200.0) with velocity of 500.00 pixels per second, and then hold for 0.0 seconds 
2026-08-22 00:28:13.628773+0200 WebDriverAgentRunner-Runner[3383:536655] Quiescence checks are disabled for com.zhiliaoapp.musically application. Making it to believe it is idling
    t =   138.24s     Find the Application 'com.zhiliaoapp.musically'
    t =   138.25s         Requesting snapshot of accessibility hierarchy for app with pid 3371
    t =   138.31s Application is configured to skip UI interruption handling
    t =   138.32s     Synthesize event
    t =   138.32s         Find the Application 'com.zhiliaoapp.musically'
    t =   138.32s             Requesting snapshot of accessibility hierarchy for app with pid 3371
    t =   138.34s         Find the Application 'com.zhiliaoapp.musically'
    t =   138.35s             Requesting snapshot of accessibility hierarchy for app with pid 3371
    t =   138.37s         Find the Application 'com.zhiliaoapp.musically'
    t =   138.37s             Requesting snapshot of accessibility hierarchy for app with pid 3371
    t =   138.39s         Find the Application 'com.zhiliaoapp.musically'
    t =   138.40s             Requesting snapshot of accessibility hierarchy for app with pid 3371
    t =   138.43s         Find the Application 'com.zhiliaoapp.musically'
    t =   138.43s             Requesting snapshot of accessibility hierarchy for app with pid 3371
2026-08-22 00:28:15.833119+0200 WebDriverAgentRunner-Runner[3383:536655] Quiescence checks are disabled for com.zhiliaoapp.musically application. Making it to believe it is idling
2026-08-22 00:28:19.388920+0200 WebDriverAgentRunner-Runner[3383:536655] Getting the most recent active application (out of 1 total items)
    t =   144.00s Press Application 'com.zhiliaoapp.musically'[0.00, 0.00] -> (187.0, 650.0) for 0.5 seconds, then drag to Application 'com.zhiliaoapp.musically'[0.00, 0.00] -> (187.0, 200.0) with velocity of 500.00 pixels per second, and then hold for 0.0 seconds 
2026-08-22 00:28:19.392813+0200 WebDriverAgentRunner-Runner[3383:536655] Quiescence checks are disabled for com.zhiliaoapp.musically application. Making it to believe it is idling
    t =   144.00s     Find the Application 'com.zhiliaoapp.musically'
    t =   144.01s         Requesting snapshot of accessibility hierarchy for app with pid 3371
    t =   144.13s Application is configured to skip UI interruption handling
    t =   144.14s     Synthesize event
    t =   144.15s         Find the Application 'com.zhiliaoapp.musically'
    t =   144.15s             Requesting snapshot of accessibility hierarchy for app with pid 3371
    t =   144.21s         Find the Application 'com.zhiliaoapp.musically'
    t =   144.21s             Requesting snapshot of accessibility hierarchy for app with pid 3371
    t =   144.27s         Find the Application 'com.zhiliaoapp.musically'
    t =   144.27s             Requesting snapshot of accessibility hierarchy for app with pid 3371
    t =   144.32s         Find the Application 'com.zhiliaoapp.musically'
    t =   144.32s             Requesting snapshot of accessibility hierarchy for app with pid 3371
    t =   144.38s         Find the Application 'com.zhiliaoapp.musically'
    t =   144.38s             Requesting snapshot of accessibility hierarchy for app with pid 3371
2026-08-22 00:28:21.476077+0200 WebDriverAgentRunner-Runner[3383:536655] Quiescence checks are disabled for com.zhiliaoapp.musically application. Making it to believe it is idling
2026-08-22 00:28:24.061424+0200 WebDriverAgentRunner-Runner[3383:536655] Getting the most recent active application (out of 1 total items)
    t =   148.67s Double tap Application 'com.zhiliaoapp.musically'[0.00, 0.00] -> (187.0, 406.0)
2026-08-22 00:28:24.064511+0200 WebDriverAgentRunner-Runner[3383:536655] Quiescence checks are disabled for com.zhiliaoapp.musically application. Making it to believe it is idling
    t =   148.67s     Find the Application 'com.zhiliaoapp.musically'
    t =   148.68s         Requesting snapshot of accessibility hierarchy for app with pid 3371
    t =   148.80s Application is configured to skip UI interruption handling
    t =   148.81s     Synthesize event
    t =   148.81s         Find the Application 'com.zhiliaoapp.musically'
    t =   148.81s             Requesting snapshot of accessibility hierarchy for app with pid 3371
    t =   148.90s         Find the Application 'com.zhiliaoapp.musically'
    t =   148.90s             Requesting snapshot of accessibility hierarchy for app with pid 3371
    t =   148.98s         Find the Application 'com.zhiliaoapp.musically'
    t =   148.98s             Requesting snapshot of accessibility hierarchy for app with pid 3371
2026-08-22 00:28:24.795700+0200 WebDriverAgentRunner-Runner[3383:536655] Quiescence checks are disabled for com.zhiliaoapp.musically application. Making it to believe it is idling
2026-08-22 00:28:25.771433+0200 WebDriverAgentRunner-Runner[3383:536655] Getting the most recent active application (out of 1 total items)
    t =   150.38s Press Application 'com.zhiliaoapp.musically'[0.00, 0.00] -> (187.0, 650.0) for 0.7 seconds, then drag to Application 'com.zhiliaoapp.musically'[0.00, 0.00] -> (187.0, 200.0) with velocity of 500.00 pixels per second, and then hold for 0.0 seconds 
2026-08-22 00:28:25.776009+0200 WebDriverAgentRunner-Runner[3383:536655] Quiescence checks are disabled for com.zhiliaoapp.musically application. Making it to believe it is idling
    t =   150.38s     Find the Application 'com.zhiliaoapp.musically'
    t =   150.39s         Requesting snapshot of accessibility hierarchy for app with pid 3371
    t =   150.50s Application is configured to skip UI interruption handling
    t =   150.51s     Synthesize event
    t =   150.52s         Find the Application 'com.zhiliaoapp.musically'
    t =   150.52s             Requesting snapshot of accessibility hierarchy for app with pid 3371
    t =   150.61s         Find the Application 'com.zhiliaoapp.musically'
    t =   150.62s             Requesting snapshot of accessibility hierarchy for app with pid 3371
    t =   150.70s         Find the Application 'com.zhiliaoapp.musically'
    t =   150.71s             Requesting snapshot of accessibility hierarchy for app with pid 3371
    t =   150.77s         Find the Application 'com.zhiliaoapp.musically'
    t =   150.77s             Requesting snapshot of accessibility hierarchy for app with pid 3371
    t =   150.85s         Find the Application 'com.zhiliaoapp.musically'
    t =   150.85s             Requesting snapshot of accessibility hierarchy for app with pid 3371
2026-08-22 00:28:28.125082+0200 WebDriverAgentRunner-Runner[3383:536655] Quiescence checks are disabled for com.zhiliaoapp.musically application. Making it to believe it is idling
2026-08-22 00:28:32.762744+0200 WebDriverAgentRunner-Runner[3383:536655] Getting the most recent active application (out of 1 total items)
    t =   157.37s Press Application 'com.zhiliaoapp.musically'[0.00, 0.00] -> (187.0, 650.0) for 0.5 seconds, then drag to Application 'com.zhiliaoapp.musically'[0.00, 0.00] -> (187.0, 200.0) with velocity of 500.00 pixels per second, and then hold for 0.0 seconds 
2026-08-22 00:28:32.767006+0200 WebDriverAgentRunner-Runner[3383:536655] Quiescence checks are disabled for com.zhiliaoapp.musically application. Making it to believe it is idling
    t =   157.38s     Find the Application 'com.zhiliaoapp.musically'
    t =   157.38s         Requesting snapshot of accessibility hierarchy for app with pid 3371
    t =   157.50s Application is configured to skip UI interruption handling
    t =   157.52s     Synthesize event
    t =   157.52s         Find the Application 'com.zhiliaoapp.musically'
    t =   157.52s             Requesting snapshot of accessibility hierarchy for app with pid 3371
    t =   157.58s         Find the Application 'com.zhiliaoapp.musically'
    t =   157.58s             Requesting snapshot of accessibility hierarchy for app with pid 3371
    t =   157.64s         Find the Application 'com.zhiliaoapp.musically'
    t =   157.64s             Requesting snapshot of accessibility hierarchy for app with pid 3371
    t =   157.69s         Find the Application 'com.zhiliaoapp.musically'
    t =   157.69s             Requesting snapshot of accessibility hierarchy for app with pid 3371
    t =   157.76s         Find the Application 'com.zhiliaoapp.musically'
    t =   157.76s             Requesting snapshot of accessibility hierarchy for app with pid 3371
2026-08-22 00:28:35.005832+0200 WebDriverAgentRunner-Runner[3383:536655] Quiescence checks are disabled for com.zhiliaoapp.musically application. Making it to believe it is idling
2026-08-22 00:28:40.018218+0200 WebDriverAgentRunner-Runner[3383:536655] Getting the most recent active application (out of 1 total items)
    t =   164.63s Press Application 'com.zhiliaoapp.musically'[0.00, 0.00] -> (187.0, 650.0) for 0.8 seconds, then drag to Application 'com.zhiliaoapp.musically'[0.00, 0.00] -> (187.0, 200.0) with velocity of 500.00 pixels per second, and then hold for 0.0 seconds 
2026-08-22 00:28:40.021363+0200 WebDriverAgentRunner-Runner[3383:536655] Quiescence checks are disabled for com.zhiliaoapp.musically application. Making it to believe it is idling
    t =   164.63s     Find the Application 'com.zhiliaoapp.musically'
    t =   164.64s         Requesting snapshot of accessibility hierarchy for app with pid 3371
    t =   164.76s Application is configured to skip UI interruption handling
    t =   164.76s     Synthesize event
    t =   164.76s         Find the Application 'com.zhiliaoapp.musically'
    t =   164.77s             Requesting snapshot of accessibility hierarchy for app with pid 3371
    t =   164.83s         Find the Application 'com.zhiliaoapp.musically'
    t =   164.83s             Requesting snapshot of accessibility hierarchy for app with pid 3371
    t =   164.89s         Find the Application 'com.zhiliaoapp.musically'
    t =   164.89s             Requesting snapshot of accessibility hierarchy for app with pid 3371
    t =   164.95s         Find the Application 'com.zhiliaoapp.musically'
    t =   164.96s             Requesting snapshot of accessibility hierarchy for app with pid 3371
    t =   165.03s         Find the Application 'com.zhiliaoapp.musically'
    t =   165.04s             Requesting snapshot of accessibility hierarchy for app with pid 3371
2026-08-22 00:28:42.426693+0200 WebDriverAgentRunner-Runner[3383:536655] Quiescence checks are disabled for com.zhiliaoapp.musically application. Making it to believe it is idling
2026-08-22 00:29:01.311593+0200 WebDriverAgentRunner-Runner[3383:536655] Getting the most recent active application (out of 1 total items)
    t =   185.92s Press Application 'com.zhiliaoapp.musically'[0.00, 0.00] -> (187.0, 650.0) for 0.6 seconds, then drag to Application 'com.zhiliaoapp.musically'[0.00, 0.00] -> (187.0, 200.0) with velocity of 500.00 pixels per second, and then hold for 0.0 seconds 
2026-08-22 00:29:01.315175+0200 WebDriverAgentRunner-Runner[3383:536655] Quiescence checks are disabled for com.zhiliaoapp.musically application. Making it to believe it is idling
    t =   185.92s     Find the Application 'com.zhiliaoapp.musically'
    t =   185.93s         Requesting snapshot of accessibility hierarchy for app with pid 3371
    t =   186.06s Application is configured to skip UI interruption handling
    t =   186.07s     Synthesize event
    t =   186.07s         Find the Application 'com.zhiliaoapp.musically'
    t =   186.08s             Requesting snapshot of accessibility hierarchy for app with pid 3371
    t =   186.13s         Find the Application 'com.zhiliaoapp.musically'
    t =   186.13s             Requesting snapshot of accessibility hierarchy for app with pid 3371
    t =   186.18s         Find the Application 'com.zhiliaoapp.musically'
    t =   186.18s             Requesting snapshot of accessibility hierarchy for app with pid 3371
    t =   186.25s         Find the Application 'com.zhiliaoapp.musically'
    t =   186.25s             Requesting snapshot of accessibility hierarchy for app with pid 3371
    t =   186.33s         Find the Application 'com.zhiliaoapp.musically'
    t =   186.33s             Requesting snapshot of accessibility hierarchy for app with pid 3371
2026-08-22 00:29:03.535804+0200 WebDriverAgentRunner-Runner[3383:536655] Quiescence checks are disabled for com.zhiliaoapp.musically application. Making it to believe it is idling
2026-08-22 00:29:08.054068+0200 WebDriverAgentRunner-Runner[3383:536655] Getting the most recent active application (out of 1 total items)
    t =   192.66s Press Application 'com.zhiliaoapp.musically'[0.00, 0.00] -> (187.0, 650.0) for 0.6 seconds, then drag to Application 'com.zhiliaoapp.musically'[0.00, 0.00] -> (187.0, 200.0) with velocity of 500.00 pixels per second, and then hold for 0.0 seconds 
2026-08-22 00:29:08.056867+0200 WebDriverAgentRunner-Runner[3383:536655] Quiescence checks are disabled for com.zhiliaoapp.musically application. Making it to believe it is idling
    t =   192.67s     Find the Application 'com.zhiliaoapp.musically'
    t =   192.67s         Requesting snapshot of accessibility hierarchy for app with pid 3371
    t =   192.81s Application is configured to skip UI interruption handling
    t =   192.81s     Synthesize event
    t =   192.82s         Find the Application 'com.zhiliaoapp.musically'
    t =   192.82s             Requesting snapshot of accessibility hierarchy for app with pid 3371
    t =   192.87s         Find the Application 'com.zhiliaoapp.musically'
    t =   192.87s             Requesting snapshot of accessibility hierarchy for app with pid 3371
    t =   192.94s         Find the Application 'com.zhiliaoapp.musically'
    t =   192.94s             Requesting snapshot of accessibility hierarchy for app with pid 3371
    t =   193.00s         Find the Application 'com.zhiliaoapp.musically'
    t =   193.00s             Requesting snapshot of accessibility hierarchy for app with pid 3371
    t =   193.08s         Find the Application 'com.zhiliaoapp.musically'
    t =   193.08s             Requesting snapshot of accessibility hierarchy for app with pid 3371
2026-08-22 00:29:10.307812+0200 WebDriverAgentRunner-Runner[3383:536655] Quiescence checks are disabled for com.zhiliaoapp.musically application. Making it to believe it is idling
2026-08-22 00:29:13.740556+0200 WebDriverAgentRunner-Runner[3383:536655] Getting the most recent active application (out of 1 total items)
    t =   198.35s Press Application 'com.zhiliaoapp.musically'[0.00, 0.00] -> (187.0, 650.0) for 0.7 seconds, then drag to Application 'com.zhiliaoapp.musically'[0.00, 0.00] -> (187.0, 200.0) with velocity of 500.00 pixels per second, and then hold for 0.0 seconds 
2026-08-22 00:29:13.744064+0200 WebDriverAgentRunner-Runner[3383:536655] Quiescence checks are disabled for com.zhiliaoapp.musically application. Making it to believe it is idling
    t =   198.35s     Find the Application 'com.zhiliaoapp.musically'
    t =   198.36s         Requesting snapshot of accessibility hierarchy for app with pid 3371
    t =   198.46s Application is configured to skip UI interruption handling
    t =   198.46s     Synthesize event
    t =   198.46s         Find the Application 'com.zhiliaoapp.musically'
    t =   198.46s             Requesting snapshot of accessibility hierarchy for app with pid 3371
    t =   198.51s         Find the Application 'com.zhiliaoapp.musically'
    t =   198.51s             Requesting snapshot of accessibility hierarchy for app with pid 3371
    t =   198.55s         Find the Application 'com.zhiliaoapp.musically'
    t =   198.56s             Requesting snapshot of accessibility hierarchy for app with pid 3371
    t =   198.60s         Find the Application 'com.zhiliaoapp.musically'
    t =   198.61s             Requesting snapshot of accessibility hierarchy for app with pid 3371
    t =   198.67s         Find the Application 'com.zhiliaoapp.musically'
    t =   198.68s             Requesting snapshot of accessibility hierarchy for app with pid 3371
2026-08-22 00:29:16.111119+0200 WebDriverAgentRunner-Runner[3383:536655] Quiescence checks are disabled for com.zhiliaoapp.musically application. Making it to believe it is idling
2026-08-22 00:29:18.881486+0200 WebDriverAgentRunner-Runner[3383:536655] Getting the most recent active application (out of 1 total items)
    t =   203.49s Press Application 'com.zhiliaoapp.musically'[0.00, 0.00] -> (187.0, 650.0) for 0.5 seconds, then drag to Application 'com.zhiliaoapp.musically'[0.00, 0.00] -> (187.0, 200.0) with velocity of 500.00 pixels per second, and then hold for 0.0 seconds 
2026-08-22 00:29:18.884712+0200 WebDriverAgentRunner-Runner[3383:536655] Quiescence checks are disabled for com.zhiliaoapp.musically application. Making it to believe it is idling
    t =   203.49s     Find the Application 'com.zhiliaoapp.musically'
    t =   203.50s         Requesting snapshot of accessibility hierarchy for app with pid 3371
    t =   203.63s Application is configured to skip UI interruption handling
    t =   203.64s     Synthesize event
    t =   203.64s         Find the Application 'com.zhiliaoapp.musically'
    t =   203.64s             Requesting snapshot of accessibility hierarchy for app with pid 3371
    t =   203.69s         Find the Application 'com.zhiliaoapp.musically'
    t =   203.69s             Requesting snapshot of accessibility hierarchy for app with pid 3371
    t =   203.75s         Find the Application 'com.zhiliaoapp.musically'
    t =   203.75s             Requesting snapshot of accessibility hierarchy for app with pid 3371
    t =   203.81s         Find the Application 'com.zhiliaoapp.musically'
    t =   203.81s             Requesting snapshot of accessibility hierarchy for app with pid 3371
    t =   203.87s         Find the Application 'com.zhiliaoapp.musically'
    t =   203.87s             Requesting snapshot of accessibility hierarchy for app with pid 3371
2026-08-22 00:29:21.013220+0200 WebDriverAgentRunner-Runner[3383:536655] Quiescence checks are disabled for com.zhiliaoapp.musically application. Making it to believe it is idling
2026-08-22 00:29:27.834189+0200 WebDriverAgentRunner-Runner[3383:536655] Getting the most recent active application (out of 1 total items)
    t =   212.44s Press Application 'com.zhiliaoapp.musically'[0.00, 0.00] -> (187.0, 650.0) for 0.7 seconds, then drag to Application 'com.zhiliaoapp.musically'[0.00, 0.00] -> (187.0, 200.0) with velocity of 500.00 pixels per second, and then hold for 0.0 seconds 
2026-08-22 00:29:27.836903+0200 WebDriverAgentRunner-Runner[3383:536655] Quiescence checks are disabled for com.zhiliaoapp.musically application. Making it to believe it is idling
    t =   212.45s     Find the Application 'com.zhiliaoapp.musically'
    t =   212.45s         Requesting snapshot of accessibility hierarchy for app with pid 3371
    t =   212.59s Application is configured to skip UI interruption handling
    t =   212.59s     Synthesize event
    t =   212.60s         Find the Application 'com.zhiliaoapp.musically'
    t =   212.60s             Requesting snapshot of accessibility hierarchy for app with pid 3371
    t =   212.65s         Find the Application 'com.zhiliaoapp.musically'
    t =   212.65s             Requesting snapshot of accessibility hierarchy for app with pid 3371
    t =   212.71s         Find the Application 'com.zhiliaoapp.musically'
    t =   212.71s             Requesting snapshot of accessibility hierarchy for app with pid 3371
    t =   212.76s         Find the Application 'com.zhiliaoapp.musically'
    t =   212.77s             Requesting snapshot of accessibility hierarchy for app with pid 3371
    t =   212.98s         Find the Application 'com.zhiliaoapp.musically'
    t =   212.98s             Requesting snapshot of accessibility hierarchy for app with pid 3371
2026-08-22 00:29:30.309451+0200 WebDriverAgentRunner-Runner[3383:536655] Quiescence checks are disabled for com.zhiliaoapp.musically application. Making it to believe it is idling
2026-08-22 00:29:34.100663+0200 WebDriverAgentRunner-Runner[3383:536655] Getting the most recent active application (out of 1 total items)
    t =   218.71s Press Application 'com.zhiliaoapp.musically'[0.00, 0.00] -> (187.0, 650.0) for 0.8 seconds, then drag to Application 'com.zhiliaoapp.musically'[0.00, 0.00] -> (187.0, 200.0) with velocity of 500.00 pixels per second, and then hold for 0.0 seconds 
2026-08-22 00:29:34.103700+0200 WebDriverAgentRunner-Runner[3383:536655] Quiescence checks are disabled for com.zhiliaoapp.musically application. Making it to believe it is idling
    t =   218.71s     Find the Application 'com.zhiliaoapp.musically'
    t =   218.72s         Requesting snapshot of accessibility hierarchy for app with pid 3371
    t =   218.85s Application is configured to skip UI interruption handling
    t =   218.87s     Synthesize event
    t =   218.87s         Find the Application 'com.zhiliaoapp.musically'
    t =   218.87s             Requesting snapshot of accessibility hierarchy for app with pid 3371
    t =   218.93s         Find the Application 'com.zhiliaoapp.musically'
    t =   218.93s             Requesting snapshot of accessibility hierarchy for app with pid 3371
    t =   218.99s         Find the Application 'com.zhiliaoapp.musically'
    t =   218.99s             Requesting snapshot of accessibility hierarchy for app with pid 3371
    t =   219.05s         Find the Application 'com.zhiliaoapp.musically'
    t =   219.06s             Requesting snapshot of accessibility hierarchy for app with pid 3371
    t =   219.12s         Find the Application 'com.zhiliaoapp.musically'
    t =   219.13s             Requesting snapshot of accessibility hierarchy for app with pid 3371
2026-08-22 00:29:36.502817+0200 WebDriverAgentRunner-Runner[3383:536655] Quiescence checks are disabled for com.zhiliaoapp.musically application. Making it to believe it is idling
2026-08-22 00:29:52.793601+0200 WebDriverAgentRunner-Runner[3383:536655] Getting the most recent active application (out of 1 total items)
    t =   237.40s Double tap Application 'com.zhiliaoapp.musically'[0.00, 0.00] -> (187.0, 406.0)
2026-08-22 00:29:52.796542+0200 WebDriverAgentRunner-Runner[3383:536655] Quiescence checks are disabled for com.zhiliaoapp.musically application. Making it to believe it is idling
    t =   237.41s     Find the Application 'com.zhiliaoapp.musically'
    t =   237.42s         Requesting snapshot of accessibility hierarchy for app with pid 3371
    t =   237.54s Application is configured to skip UI interruption handling
    t =   237.55s     Synthesize event
    t =   237.55s         Find the Application 'com.zhiliaoapp.musically'
    t =   237.55s             Requesting snapshot of accessibility hierarchy for app with pid 3371
    t =   237.61s         Find the Application 'com.zhiliaoapp.musically'
    t =   237.61s             Requesting snapshot of accessibility hierarchy for app with pid 3371
    t =   237.66s         Find the Application 'com.zhiliaoapp.musically'
    t =   237.66s             Requesting snapshot of accessibility hierarchy for app with pid 3371
2026-08-22 00:29:53.463256+0200 WebDriverAgentRunner-Runner[3383:536655] Quiescence checks are disabled for com.zhiliaoapp.musically application. Making it to believe it is idling
2026-08-22 00:29:54.148949+0200 WebDriverAgentRunner-Runner[3383:536655] Getting the most recent active application (out of 1 total items)
    t =   238.76s Press Application 'com.zhiliaoapp.musically'[0.00, 0.00] -> (187.0, 650.0) for 0.7 seconds, then drag to Application 'com.zhiliaoapp.musically'[0.00, 0.00] -> (187.0, 200.0) with velocity of 500.00 pixels per second, and then hold for 0.0 seconds 
2026-08-22 00:29:54.151792+0200 WebDriverAgentRunner-Runner[3383:536655] Quiescence checks are disabled for com.zhiliaoapp.musically application. Making it to believe it is idling
    t =   238.76s     Find the Application 'com.zhiliaoapp.musically'
    t =   238.77s         Requesting snapshot of accessibility hierarchy for app with pid 3371
    t =   238.89s Application is configured to skip UI interruption handling
    t =   238.89s     Synthesize event
    t =   238.90s         Find the Application 'com.zhiliaoapp.musically'
    t =   238.90s             Requesting snapshot of accessibility hierarchy for app with pid 3371
    t =   239.11s         Find the Application 'com.zhiliaoapp.musically'
    t =   239.13s             Requesting snapshot of accessibility hierarchy for app with pid 3371
    t =   239.27s         Find the Application 'com.zhiliaoapp.musically'
    t =   239.27s             Requesting snapshot of accessibility hierarchy for app with pid 3371
    t =   239.37s         Find the Application 'com.zhiliaoapp.musically'
    t =   239.37s             Requesting snapshot of accessibility hierarchy for app with pid 3371
    t =   239.47s         Find the Application 'com.zhiliaoapp.musically'
    t =   239.47s             Requesting snapshot of accessibility hierarchy for app with pid 3371
2026-08-22 00:29:56.787283+0200 WebDriverAgentRunner-Runner[3383:536655] Quiescence checks are disabled for com.zhiliaoapp.musically application. Making it to believe it is idling
2026-08-22 00:29:59.782266+0200 WebDriverAgentRunner-Runner[3383:536655] Getting the most recent active application (out of 1 total items)
    t =   244.39s Press Application 'com.zhiliaoapp.musically'[0.00, 0.00] -> (187.0, 650.0) for 0.5 seconds, then drag to Application 'com.zhiliaoapp.musically'[0.00, 0.00] -> (187.0, 200.0) with velocity of 500.00 pixels per second, and then hold for 0.0 seconds 
2026-08-22 00:29:59.785176+0200 WebDriverAgentRunner-Runner[3383:536655] Quiescence checks are disabled for com.zhiliaoapp.musically application. Making it to believe it is idling
    t =   244.39s     Find the Application 'com.zhiliaoapp.musically'
    t =   244.40s         Requesting snapshot of accessibility hierarchy for app with pid 3371
    t =   244.54s Application is configured to skip UI interruption handling
    t =   244.55s     Synthesize event
    t =   244.55s         Find the Application 'com.zhiliaoapp.musically'
    t =   244.55s             Requesting snapshot of accessibility hierarchy for app with pid 3371
    t =   244.61s         Find the Application 'com.zhiliaoapp.musically'
    t =   244.61s             Requesting snapshot of accessibility hierarchy for app with pid 3371
    t =   244.66s         Find the Application 'com.zhiliaoapp.musically'
    t =   244.66s             Requesting snapshot of accessibility hierarchy for app with pid 3371
    t =   244.72s         Find the Application 'com.zhiliaoapp.musically'
    t =   244.72s             Requesting snapshot of accessibility hierarchy for app with pid 3371
    t =   244.79s         Find the Application 'com.zhiliaoapp.musically'
    t =   244.79s             Requesting snapshot of accessibility hierarchy for app with pid 3371
2026-08-22 00:30:01.933166+0200 WebDriverAgentRunner-Runner[3383:536655] Quiescence checks are disabled for com.zhiliaoapp.musically application. Making it to believe it is idling
2026-08-22 00:30:15.876792+0200 WebDriverAgentRunner-Runner[3383:536655] Getting the most recent active application (out of 1 total items)
    t =   260.49s Press Application 'com.zhiliaoapp.musically'[0.00, 0.00] -> (187.0, 650.0) for 0.8 seconds, then drag to Application 'com.zhiliaoapp.musically'[0.00, 0.00] -> (187.0, 200.0) with velocity of 500.00 pixels per second, and then hold for 0.0 seconds 
2026-08-22 00:30:15.880083+0200 WebDriverAgentRunner-Runner[3383:536655] Quiescence checks are disabled for com.zhiliaoapp.musically application. Making it to believe it is idling
    t =   260.49s     Find the Application 'com.zhiliaoapp.musically'
    t =   260.50s         Requesting snapshot of accessibility hierarchy for app with pid 3371
    t =   260.64s Application is configured to skip UI interruption handling
    t =   260.77s     Synthesize event
    t =   260.79s         Find the Application 'com.zhiliaoapp.musically'
    t =   260.79s             Requesting snapshot of accessibility hierarchy for app with pid 3371
    t =   260.88s         Find the Application 'com.zhiliaoapp.musically'
    t =   260.88s             Requesting snapshot of accessibility hierarchy for app with pid 3371
    t =   260.97s         Find the Application 'com.zhiliaoapp.musically'
    t =   260.97s             Requesting snapshot of accessibility hierarchy for app with pid 3371
    t =   261.04s         Find the Application 'com.zhiliaoapp.musically'
    t =   261.05s             Requesting snapshot of accessibility hierarchy for app with pid 3371
    t =   261.12s         Find the Application 'com.zhiliaoapp.musically'
    t =   261.12s             Requesting snapshot of accessibility hierarchy for app with pid 3371
2026-08-22 00:30:18.476519+0200 WebDriverAgentRunner-Runner[3383:536655] Quiescence checks are disabled for com.zhiliaoapp.musically application. Making it to believe it is idling
2026-08-22 00:30:22.993193+0200 WebDriverAgentRunner-Runner[3383:536655] Getting the most recent active application (out of 1 total items)
    t =   267.60s Press Application 'com.zhiliaoapp.musically'[0.00, 0.00] -> (187.0, 650.0) for 0.5 seconds, then drag to Application 'com.zhiliaoapp.musically'[0.00, 0.00] -> (187.0, 200.0) with velocity of 500.00 pixels per second, and then hold for 0.0 seconds 
2026-08-22 00:30:22.996076+0200 WebDriverAgentRunner-Runner[3383:536655] Quiescence checks are disabled for com.zhiliaoapp.musically application. Making it to believe it is idling
    t =   267.60s     Find the Application 'com.zhiliaoapp.musically'
    t =   267.61s         Requesting snapshot of accessibility hierarchy for app with pid 3371
    t =   267.73s Application is configured to skip UI interruption handling
    t =   267.73s     Synthesize event
    t =   267.73s         Find the Application 'com.zhiliaoapp.musically'
    t =   267.74s             Requesting snapshot of accessibility hierarchy for app with pid 3371
    t =   267.79s         Find the Application 'com.zhiliaoapp.musically'
    t =   267.79s             Requesting snapshot of accessibility hierarchy for app with pid 3371
    t =   267.85s         Find the Application 'com.zhiliaoapp.musically'
    t =   267.85s             Requesting snapshot of accessibility hierarchy for app with pid 3371
    t =   267.91s         Find the Application 'com.zhiliaoapp.musically'
    t =   267.91s             Requesting snapshot of accessibility hierarchy for app with pid 3371
    t =   267.97s         Find the Application 'com.zhiliaoapp.musically'
    t =   267.97s             Requesting snapshot of accessibility hierarchy for app with pid 3371
2026-08-22 00:30:25.081758+0200 WebDriverAgentRunner-Runner[3383:536655] Quiescence checks are disabled for com.zhiliaoapp.musically application. Making it to believe it is idling
2026-08-22 00:30:30.128430+0200 WebDriverAgentRunner-Runner[3383:536655] Getting the most recent active application (out of 1 total items)
    t =   274.74s Double tap Application 'com.zhiliaoapp.musically'[0.00, 0.00] -> (187.0, 406.0)
2026-08-22 00:30:30.131847+0200 WebDriverAgentRunner-Runner[3383:536655] Quiescence checks are disabled for com.zhiliaoapp.musically application. Making it to believe it is idling
    t =   274.74s     Find the Application 'com.zhiliaoapp.musically'
    t =   274.75s         Requesting snapshot of accessibility hierarchy for app with pid 3371
    t =   274.89s Application is configured to skip UI interruption handling
    t =   274.89s     Synthesize event
    t =   274.89s         Find the Application 'com.zhiliaoapp.musically'
    t =   274.89s             Requesting snapshot of accessibility hierarchy for app with pid 3371
    t =   274.95s         Find the Application 'com.zhiliaoapp.musically'
    t =   274.95s             Requesting snapshot of accessibility hierarchy for app with pid 3371
    t =   275.00s         Find the Application 'com.zhiliaoapp.musically'
    t =   275.00s             Requesting snapshot of accessibility hierarchy for app with pid 3371
2026-08-22 00:30:30.792752+0200 WebDriverAgentRunner-Runner[3383:536655] Quiescence checks are disabled for com.zhiliaoapp.musically application. Making it to believe it is idling
2026-08-22 00:30:31.626633+0200 WebDriverAgentRunner-Runner[3383:536655] Getting the most recent active application (out of 1 total items)
    t =   276.24s Press Application 'com.zhiliaoapp.musically'[0.00, 0.00] -> (187.0, 650.0) for 0.6 seconds, then drag to Application 'com.zhiliaoapp.musically'[0.00, 0.00] -> (187.0, 200.0) with velocity of 500.00 pixels per second, and then hold for 0.0 seconds 
2026-08-22 00:30:31.629850+0200 WebDriverAgentRunner-Runner[3383:536655] Quiescence checks are disabled for com.zhiliaoapp.musically application. Making it to believe it is idling
    t =   276.24s     Find the Application 'com.zhiliaoapp.musically'
    t =   276.25s         Requesting snapshot of accessibility hierarchy for app with pid 3371
    t =   276.35s Application is configured to skip UI interruption handling
    t =   276.36s     Synthesize event
    t =   276.37s         Find the Application 'com.zhiliaoapp.musically'
    t =   276.37s             Requesting snapshot of accessibility hierarchy for app with pid 3371
    t =   276.45s         Find the Application 'com.zhiliaoapp.musically'
    t =   276.46s             Requesting snapshot of accessibility hierarchy for app with pid 3371
    t =   276.55s         Find the Application 'com.zhiliaoapp.musically'
    t =   276.55s             Requesting snapshot of accessibility hierarchy for app with pid 3371
    t =   276.62s         Find the Application 'com.zhiliaoapp.musically'
    t =   276.63s             Requesting snapshot of accessibility hierarchy for app with pid 3371
    t =   276.71s         Find the Application 'com.zhiliaoapp.musically'
    t =   276.72s             Requesting snapshot of accessibility hierarchy for app with pid 3371
2026-08-22 00:30:33.968445+0200 WebDriverAgentRunner-Runner[3383:536655] Quiescence checks are disabled for com.zhiliaoapp.musically application. Making it to believe it is idling
2026-08-22 00:30:38.004990+0200 WebDriverAgentRunner-Runner[3383:536655] Getting the most recent active application (out of 1 total items)
    t =   282.61s Press Application 'com.zhiliaoapp.musically'[0.00, 0.00] -> (187.0, 650.0) for 0.5 seconds, then drag to Application 'com.zhiliaoapp.musically'[0.00, 0.00] -> (187.0, 200.0) with velocity of 500.00 pixels per second, and then hold for 0.0 seconds 
2026-08-22 00:30:38.009138+0200 WebDriverAgentRunner-Runner[3383:536655] Quiescence checks are disabled for com.zhiliaoapp.musically application. Making it to believe it is idling
    t =   282.62s     Find the Application 'com.zhiliaoapp.musically'
    t =   282.63s         Requesting snapshot of accessibility hierarchy for app with pid 3371
    t =   282.76s Application is configured to skip UI interruption handling
    t =   282.76s     Synthesize event
    t =   282.77s         Find the Application 'com.zhiliaoapp.musically'
    t =   282.77s             Requesting snapshot of accessibility hierarchy for app with pid 3371
    t =   282.83s         Find the Application 'com.zhiliaoapp.musically'
    t =   282.83s             Requesting snapshot of accessibility hierarchy for app with pid 3371
    t =   282.90s         Find the Application 'com.zhiliaoapp.musically'
    t =   282.90s             Requesting snapshot of accessibility hierarchy for app with pid 3371
    t =   282.96s         Find the Application 'com.zhiliaoapp.musically'
    t =   282.96s             Requesting snapshot of accessibility hierarchy for app with pid 3371
    t =   283.03s         Find the Application 'com.zhiliaoapp.musically'
    t =   283.03s             Requesting snapshot of accessibility hierarchy for app with pid 3371
2026-08-22 00:30:40.287980+0200 WebDriverAgentRunner-Runner[3383:536655] Quiescence checks are disabled for com.zhiliaoapp.musically application. Making it to believe it is idling
2026-08-22 00:30:45.037721+0200 WebDriverAgentRunner-Runner[3383:536655] Getting the most recent active application (out of 1 total items)
    t =   289.65s Press Application 'com.zhiliaoapp.musically'[0.00, 0.00] -> (187.0, 650.0) for 0.7 seconds, then drag to Application 'com.zhiliaoapp.musically'[0.00, 0.00] -> (187.0, 200.0) with velocity of 500.00 pixels per second, and then hold for 0.0 seconds 
2026-08-22 00:30:45.041273+0200 WebDriverAgentRunner-Runner[3383:536655] Quiescence checks are disabled for com.zhiliaoapp.musically application. Making it to believe it is idling
    t =   289.65s     Find the Application 'com.zhiliaoapp.musically'
    t =   289.67s         Requesting snapshot of accessibility hierarchy for app with pid 3371
    t =   289.78s Application is configured to skip UI interruption handling
    t =   289.78s     Synthesize event
    t =   289.79s         Find the Application 'com.zhiliaoapp.musically'
    t =   289.79s             Requesting snapshot of accessibility hierarchy for app with pid 3371
    t =   289.84s         Find the Application 'com.zhiliaoapp.musically'
    t =   289.84s             Requesting snapshot of accessibility hierarchy for app with pid 3371
    t =   289.90s         Find the Application 'com.zhiliaoapp.musically'
    t =   289.90s             Requesting snapshot of accessibility hierarchy for app with pid 3371
    t =   289.95s         Find the Application 'com.zhiliaoapp.musically'
    t =   289.96s             Requesting snapshot of accessibility hierarchy for app with pid 3371
    t =   290.02s         Find the Application 'com.zhiliaoapp.musically'
    t =   290.03s             Requesting snapshot of accessibility hierarchy for app with pid 3371
2026-08-22 00:30:47.301004+0200 WebDriverAgentRunner-Runner[3383:536655] Quiescence checks are disabled for com.zhiliaoapp.musically application. Making it to believe it is idling
2026-08-22 00:30:52.129395+0200 WebDriverAgentRunner-Runner[3383:536655] Getting the most recent active application (out of 1 total items)
    t =   296.74s Press Application 'com.zhiliaoapp.musically'[0.00, 0.00] -> (187.0, 650.0) for 0.8 seconds, then drag to Application 'com.zhiliaoapp.musically'[0.00, 0.00] -> (187.0, 200.0) with velocity of 500.00 pixels per second, and then hold for 0.0 seconds 
2026-08-22 00:30:52.132172+0200 WebDriverAgentRunner-Runner[3383:536655] Quiescence checks are disabled for com.zhiliaoapp.musically application. Making it to believe it is idling
    t =   296.74s     Find the Application 'com.zhiliaoapp.musically'
    t =   296.75s         Requesting snapshot of accessibility hierarchy for app with pid 3371
    t =   296.88s Application is configured to skip UI interruption handling
    t =   296.89s     Synthesize event
    t =   296.89s         Find the Application 'com.zhiliaoapp.musically'
    t =   296.89s             Requesting snapshot of accessibility hierarchy for app with pid 3371
    t =   296.95s         Find the Application 'com.zhiliaoapp.musically'
    t =   296.95s             Requesting snapshot of accessibility hierarchy for app with pid 3371
    t =   297.01s         Find the Application 'com.zhiliaoapp.musically'
    t =   297.01s             Requesting snapshot of accessibility hierarchy for app with pid 3371
    t =   297.07s         Find the Application 'com.zhiliaoapp.musically'
    t =   297.08s             Requesting snapshot of accessibility hierarchy for app with pid 3371
    t =   297.15s         Find the Application 'com.zhiliaoapp.musically'
    t =   297.16s             Requesting snapshot of accessibility hierarchy for app with pid 3371
2026-08-22 00:30:54.568656+0200 WebDriverAgentRunner-Runner[3383:536655] Quiescence checks are disabled for com.zhiliaoapp.musically application. Making it to believe it is idling
2026-08-22 00:31:05.272644+0200 WebDriverAgentRunner-Runner[3383:536655] Getting the most recent active application (out of 1 total items)
    t =   309.88s Press Application 'com.zhiliaoapp.musically'[0.00, 0.00] -> (187.0, 650.0) for 0.7 seconds, then drag to Application 'com.zhiliaoapp.musically'[0.00, 0.00] -> (187.0, 200.0) with velocity of 500.00 pixels per second, and then hold for 0.0 seconds 
2026-08-22 00:31:05.276477+0200 WebDriverAgentRunner-Runner[3383:536655] Quiescence checks are disabled for com.zhiliaoapp.musically application. Making it to believe it is idling
    t =   309.89s     Find the Application 'com.zhiliaoapp.musically'
    t =   309.89s         Requesting snapshot of accessibility hierarchy for app with pid 3371
    t =   310.03s Application is configured to skip UI interruption handling
    t =   310.04s     Synthesize event
    t =   310.04s         Find the Application 'com.zhiliaoapp.musically'
    t =   310.04s             Requesting snapshot of accessibility hierarchy for app with pid 3371
    t =   310.10s         Find the Application 'com.zhiliaoapp.musically'
    t =   310.10s             Requesting snapshot of accessibility hierarchy for app with pid 3371
    t =   310.14s         Find the Application 'com.zhiliaoapp.musically'
    t =   310.15s             Requesting snapshot of accessibility hierarchy for app with pid 3371
    t =   310.21s         Find the Application 'com.zhiliaoapp.musically'
    t =   310.21s             Requesting snapshot of accessibility hierarchy for app with pid 3371
    t =   310.28s         Find the Application 'com.zhiliaoapp.musically'
    t =   310.28s             Requesting snapshot of accessibility hierarchy for app with pid 3371
2026-08-22 00:31:07.586700+0200 WebDriverAgentRunner-Runner[3383:536655] Quiescence checks are disabled for com.zhiliaoapp.musically application. Making it to believe it is idling
2026-08-22 00:31:15.484362+0200 WebDriverAgentRunner-Runner[3383:536655] Getting the most recent active application (out of 1 total items)
    t =   320.09s Press Application 'com.zhiliaoapp.musically'[0.00, 0.00] -> (187.0, 650.0) for 0.8 seconds, then drag to Application 'com.zhiliaoapp.musically'[0.00, 0.00] -> (187.0, 200.0) with velocity of 500.00 pixels per second, and then hold for 0.0 seconds 
2026-08-22 00:31:15.489752+0200 WebDriverAgentRunner-Runner[3383:536655] Quiescence checks are disabled for com.zhiliaoapp.musically application. Making it to believe it is idling
    t =   320.10s     Find the Application 'com.zhiliaoapp.musically'
    t =   320.11s         Requesting snapshot of accessibility hierarchy for app with pid 3371
    t =   320.25s Application is configured to skip UI interruption handling
    t =   320.26s     Synthesize event
    t =   320.26s         Find the Application 'com.zhiliaoapp.musically'
    t =   320.27s             Requesting snapshot of accessibility hierarchy for app with pid 3371
    t =   320.32s         Find the Application 'com.zhiliaoapp.musically'
    t =   320.33s             Requesting snapshot of accessibility hierarchy for app with pid 3371
    t =   320.39s         Find the Application 'com.zhiliaoapp.musically'
    t =   320.39s             Requesting snapshot of accessibility hierarchy for app with pid 3371
    t =   320.44s         Find the Application 'com.zhiliaoapp.musically'
    t =   320.45s             Requesting snapshot of accessibility hierarchy for app with pid 3371
    t =   320.51s         Find the Application 'com.zhiliaoapp.musically'
    t =   320.51s             Requesting snapshot of accessibility hierarchy for app with pid 3371
2026-08-22 00:31:17.938941+0200 WebDriverAgentRunner-Runner[3383:536655] Quiescence checks are disabled for com.zhiliaoapp.musically application. Making it to believe it is idling
2026-08-22 00:31:22.605961+0200 WebDriverAgentRunner-Runner[3383:536655] Getting the most recent active application (out of 1 total items)
    t =   327.22s Find the Application 'com.zhiliaoapp.musically'
    t =   327.23s     Requesting snapshot of accessibility hierarchy for app with pid 3371
    t =   327.37s Find the Application 'com.zhiliaoapp.musically'
    t =   327.37s     Requesting snapshot of accessibility hierarchy for app with pid 3371
2026-08-22 00:31:26.049202+0200 WebDriverAgentRunner-Runner[3383:536655] Getting the most recent active application (out of 1 total items)
    t =   330.66s Get all elements bound by accessibility element for: Descendants matching type TextView
    t =   330.67s     Requesting snapshot of accessibility hierarchy for app with pid 3371
    t =   330.71s     Find: Descendants matching type TextView
    t =   330.75s Pressing Home button
    t =   331.75s Open com.zhiliaoapp.musically
    t =   331.76s     Activate com.zhiliaoapp.musically
2026-08-22 00:31:27.183517+0200 WebDriverAgentRunner-Runner[3383:536655] Quiescence checks are disabled for com.zhiliaoapp.musically application. Making it to believe it is idling
2026-08-22 00:31:27.211510+0200 WebDriverAgentRunner-Runner[3383:536655] Getting the most recent active application (out of 1 total items)
    t =   331.82s Press Application 'com.zhiliaoapp.musically'[0.00, 0.00] -> (187.0, 650.0) for 0.6 seconds, then drag to Application 'com.zhiliaoapp.musically'[0.00, 0.00] -> (187.0, 200.0) with velocity of 500.00 pixels per second, and then hold for 0.0 seconds 
2026-08-22 00:31:27.211917+0200 WebDriverAgentRunner-Runner[3383:536655] Quiescence checks are disabled for com.zhiliaoapp.musically application. Making it to believe it is idling
    t =   331.82s     Find the Application 'com.zhiliaoapp.musically'
    t =   331.82s         Requesting snapshot of accessibility hierarchy for app with pid 3371
    t =   332.37s Application is configured to skip UI interruption handling
    t =   332.41s     Synthesize event
    t =   332.44s         Find the Application 'com.zhiliaoapp.musically'
    t =   332.45s             Requesting snapshot of accessibility hierarchy for app with pid 3371
    t =   332.46s         Find the Application 'com.zhiliaoapp.musically'
    t =   332.46s             Requesting snapshot of accessibility hierarchy for app with pid 3371
    t =   332.49s         Find the Application 'com.zhiliaoapp.musically'
    t =   332.49s             Requesting snapshot of accessibility hierarchy for app with pid 3371
    t =   332.63s         Find the Application 'com.zhiliaoapp.musically'
    t =   332.64s             Requesting snapshot of accessibility hierarchy for app with pid 3371
    t =   332.68s         Find the Application 'com.zhiliaoapp.musically'
    t =   332.68s             Requesting snapshot of accessibility hierarchy for app with pid 3371
2026-08-22 00:31:29.812485+0200 WebDriverAgentRunner-Runner[3383:536655] Quiescence checks are disabled for com.zhiliaoapp.musically application. Making it to believe it is idling
2026-08-22 00:31:34.846973+0200 WebDriverAgentRunner-Runner[3383:536655] Getting the most recent active application (out of 1 total items)
    t =   339.46s Double tap Application 'com.zhiliaoapp.musically'[0.00, 0.00] -> (187.0, 406.0)
2026-08-22 00:31:34.849119+0200 WebDriverAgentRunner-Runner[3383:536655] Quiescence checks are disabled for com.zhiliaoapp.musically application. Making it to believe it is idling
    t =   339.46s     Find the Application 'com.zhiliaoapp.musically'
    t =   339.47s         Requesting snapshot of accessibility hierarchy for app with pid 3371
    t =   339.55s Application is configured to skip UI interruption handling
    t =   339.56s     Synthesize event
    t =   339.56s         Find the Application 'com.zhiliaoapp.musically'
    t =   339.56s             Requesting snapshot of accessibility hierarchy for app with pid 3371
    t =   339.63s         Find the Application 'com.zhiliaoapp.musically'
    t =   339.64s             Requesting snapshot of accessibility hierarchy for app with pid 3371
    t =   339.72s         Find the Application 'com.zhiliaoapp.musically'
    t =   339.72s             Requesting snapshot of accessibility hierarchy for app with pid 3371
2026-08-22 00:31:35.517022+0200 WebDriverAgentRunner-Runner[3383:536655] Quiescence checks are disabled for com.zhiliaoapp.musically application. Making it to believe it is idling
2026-08-22 00:31:36.147809+0200 WebDriverAgentRunner-Runner[3383:536655] Getting the most recent active application (out of 1 total items)
    t =   340.76s Press Application 'com.zhiliaoapp.musically'[0.00, 0.00] -> (187.0, 650.0) for 0.5 seconds, then drag to Application 'com.zhiliaoapp.musically'[0.00, 0.00] -> (187.0, 200.0) with velocity of 500.00 pixels per second, and then hold for 0.0 seconds 
2026-08-22 00:31:36.151185+0200 WebDriverAgentRunner-Runner[3383:536655] Quiescence checks are disabled for com.zhiliaoapp.musically application. Making it to believe it is idling
    t =   340.76s     Find the Application 'com.zhiliaoapp.musically'
    t =   340.78s         Requesting snapshot of accessibility hierarchy for app with pid 3371
    t =   340.81s Application is configured to skip UI interruption handling
    t =   340.81s     Synthesize event
    t =   340.81s         Find the Application 'com.zhiliaoapp.musically'
    t =   340.82s             Requesting snapshot of accessibility hierarchy for app with pid 3371
    t =   340.84s         Find the Application 'com.zhiliaoapp.musically'
    t =   340.85s             Requesting snapshot of accessibility hierarchy for app with pid 3371
    t =   340.88s         Find the Application 'com.zhiliaoapp.musically'
    t =   340.88s             Requesting snapshot of accessibility hierarchy for app with pid 3371
    t =   340.90s         Find the Application 'com.zhiliaoapp.musically'
    t =   340.91s             Requesting snapshot of accessibility hierarchy for app with pid 3371
    t =   340.94s         Find the Application 'com.zhiliaoapp.musically'
    t =   340.95s             Requesting snapshot of accessibility hierarchy for app with pid 3371
2026-08-22 00:31:38.037419+0200 WebDriverAgentRunner-Runner[3383:536655] Quiescence checks are disabled for com.zhiliaoapp.musically application. Making it to believe it is idling
2026-08-22 00:31:54.805527+0200 WebDriverAgentRunner-Runner[3383:536655] Getting the most recent active application (out of 1 total items)
    t =   359.42s Press Application 'com.zhiliaoapp.musically'[0.00, 0.00] -> (187.0, 650.0) for 0.5 seconds, then drag to Application 'com.zhiliaoapp.musically'[0.00, 0.00] -> (187.0, 200.0) with velocity of 500.00 pixels per second, and then hold for 0.0 seconds 
2026-08-22 00:31:54.809145+0200 WebDriverAgentRunner-Runner[3383:536655] Quiescence checks are disabled for com.zhiliaoapp.musically application. Making it to believe it is idling
    t =   359.42s     Find the Application 'com.zhiliaoapp.musically'
    t =   359.43s         Requesting snapshot of accessibility hierarchy for app with pid 3371
    t =   359.56s Application is configured to skip UI interruption handling
    t =   359.57s     Synthesize event
    t =   359.57s         Find the Application 'com.zhiliaoapp.musically'
    t =   359.57s             Requesting snapshot of accessibility hierarchy for app with pid 3371
    t =   359.65s         Find the Application 'com.zhiliaoapp.musically'
    t =   359.65s             Requesting snapshot of accessibility hierarchy for app with pid 3371
    t =   359.73s         Find the Application 'com.zhiliaoapp.musically'
    t =   359.73s             Requesting snapshot of accessibility hierarchy for app with pid 3371
    t =   359.80s         Find the Application 'com.zhiliaoapp.musically'
    t =   359.81s             Requesting snapshot of accessibility hierarchy for app with pid 3371
    t =   359.89s         Find the Application 'com.zhiliaoapp.musically'
    t =   359.89s             Requesting snapshot of accessibility hierarchy for app with pid 3371
2026-08-22 00:31:57.001875+0200 WebDriverAgentRunner-Runner[3383:536655] Quiescence checks are disabled for com.zhiliaoapp.musically application. Making it to believe it is idling
2026-08-22 00:32:03.775190+0200 WebDriverAgentRunner-Runner[3383:536655] Getting the most recent active application (out of 1 total items)
    t =   368.38s Double tap Application 'com.zhiliaoapp.musically'[0.00, 0.00] -> (187.0, 406.0)
2026-08-22 00:32:03.777991+0200 WebDriverAgentRunner-Runner[3383:536655] Quiescence checks are disabled for com.zhiliaoapp.musically application. Making it to believe it is idling
    t =   368.39s     Find the Application 'com.zhiliaoapp.musically'
    t =   368.39s         Requesting snapshot of accessibility hierarchy for app with pid 3371
    t =   368.52s Application is configured to skip UI interruption handling
    t =   368.53s     Synthesize event
    t =   368.53s         Find the Application 'com.zhiliaoapp.musically'
    t =   368.54s             Requesting snapshot of accessibility hierarchy for app with pid 3371
    t =   368.62s         Find the Application 'com.zhiliaoapp.musically'
    t =   368.62s             Requesting snapshot of accessibility hierarchy for app with pid 3371
    t =   368.72s         Find the Application 'com.zhiliaoapp.musically'
    t =   368.72s             Requesting snapshot of accessibility hierarchy for app with pid 3371
2026-08-22 00:32:04.547075+0200 WebDriverAgentRunner-Runner[3383:536655] Quiescence checks are disabled for com.zhiliaoapp.musically application. Making it to believe it is idling
2026-08-22 00:32:05.251171+0200 WebDriverAgentRunner-Runner[3383:536655] Getting the most recent active application (out of 1 total items)
    t =   369.86s Press Application 'com.zhiliaoapp.musically'[0.00, 0.00] -> (187.0, 650.0) for 0.7 seconds, then drag to Application 'com.zhiliaoapp.musically'[0.00, 0.00] -> (187.0, 200.0) with velocity of 500.00 pixels per second, and then hold for 0.0 seconds 
2026-08-22 00:32:05.252937+0200 WebDriverAgentRunner-Runner[3383:536655] Quiescence checks are disabled for com.zhiliaoapp.musically application. Making it to believe it is idling
    t =   369.86s     Find the Application 'com.zhiliaoapp.musically'
    t =   369.87s         Requesting snapshot of accessibility hierarchy for app with pid 3371
    t =   369.98s Application is configured to skip UI interruption handling
    t =   369.98s     Synthesize event
    t =   369.99s         Find the Application 'com.zhiliaoapp.musically'
    t =   369.99s             Requesting snapshot of accessibility hierarchy for app with pid 3371
    t =   370.05s         Find the Application 'com.zhiliaoapp.musically'
    t =   370.06s             Requesting snapshot of accessibility hierarchy for app with pid 3371
    t =   370.13s         Find the Application 'com.zhiliaoapp.musically'
    t =   370.14s             Requesting snapshot of accessibility hierarchy for app with pid 3371
    t =   370.33s         Find the Application 'com.zhiliaoapp.musically'
    t =   370.35s             Requesting snapshot of accessibility hierarchy for app with pid 3371
    t =   370.49s         Find the Application 'com.zhiliaoapp.musically'
    t =   370.49s             Requesting snapshot of accessibility hierarchy for app with pid 3371
2026-08-22 00:32:07.861158+0200 WebDriverAgentRunner-Runner[3383:536655] Quiescence checks are disabled for com.zhiliaoapp.musically application. Making it to believe it is idling
2026-08-22 00:32:12.579323+0200 WebDriverAgentRunner-Runner[3383:536655] Getting the most recent active application (out of 1 total items)
    t =   377.19s Press Application 'com.zhiliaoapp.musically'[0.00, 0.00] -> (187.0, 650.0) for 0.8 seconds, then drag to Application 'com.zhiliaoapp.musically'[0.00, 0.00] -> (187.0, 200.0) with velocity of 500.00 pixels per second, and then hold for 0.0 seconds 
2026-08-22 00:32:12.581968+0200 WebDriverAgentRunner-Runner[3383:536655] Quiescence checks are disabled for com.zhiliaoapp.musically application. Making it to believe it is idling
    t =   377.19s     Find the Application 'com.zhiliaoapp.musically'
    t =   377.20s         Requesting snapshot of accessibility hierarchy for app with pid 3371
    t =   377.33s Application is configured to skip UI interruption handling
    t =   377.34s     Synthesize event
    t =   377.34s         Find the Application 'com.zhiliaoapp.musically'
    t =   377.34s             Requesting snapshot of accessibility hierarchy for app with pid 3371
    t =   377.39s         Find the Application 'com.zhiliaoapp.musically'
    t =   377.40s             Requesting snapshot of accessibility hierarchy for app with pid 3371
    t =   377.45s         Find the Application 'com.zhiliaoapp.musically'
    t =   377.45s             Requesting snapshot of accessibility hierarchy for app with pid 3371
    t =   377.51s         Find the Application 'com.zhiliaoapp.musically'
    t =   377.51s             Requesting snapshot of accessibility hierarchy for app with pid 3371
    t =   377.58s         Find the Application 'com.zhiliaoapp.musically'
    t =   377.59s             Requesting snapshot of accessibility hierarchy for app with pid 3371
2026-08-22 00:32:14.955583+0200 WebDriverAgentRunner-Runner[3383:536655] Quiescence checks are disabled for com.zhiliaoapp.musically application. Making it to believe it is idling
2026-08-22 00:32:29.044965+0200 WebDriverAgentRunner-Runner[3383:536655] Getting the most recent active application (out of 1 total items)
    t =   393.65s Press Application 'com.zhiliaoapp.musically'[0.00, 0.00] -> (187.0, 650.0) for 0.6 seconds, then drag to Application 'com.zhiliaoapp.musically'[0.00, 0.00] -> (187.0, 200.0) with velocity of 500.00 pixels per second, and then hold for 0.0 seconds 
2026-08-22 00:32:29.048317+0200 WebDriverAgentRunner-Runner[3383:536655] Quiescence checks are disabled for com.zhiliaoapp.musically application. Making it to believe it is idling
    t =   393.66s     Find the Application 'com.zhiliaoapp.musically'
    t =   393.66s         Requesting snapshot of accessibility hierarchy for app with pid 3371
    t =   393.80s Application is configured to skip UI interruption handling
    t =   393.80s     Synthesize event
    t =   393.80s         Find the Application 'com.zhiliaoapp.musically'
    t =   393.81s             Requesting snapshot of accessibility hierarchy for app with pid 3371
    t =   393.86s         Find the Application 'com.zhiliaoapp.musically'
    t =   393.86s             Requesting snapshot of accessibility hierarchy for app with pid 3371
    t =   393.92s         Find the Application 'com.zhiliaoapp.musically'
    t =   393.93s             Requesting snapshot of accessibility hierarchy for app with pid 3371
    t =   393.98s         Find the Application 'com.zhiliaoapp.musically'
    t =   393.99s             Requesting snapshot of accessibility hierarchy for app with pid 3371
    t =   394.06s         Find the Application 'com.zhiliaoapp.musically'
    t =   394.06s             Requesting snapshot of accessibility hierarchy for app with pid 3371
2026-08-22 00:32:31.256883+0200 WebDriverAgentRunner-Runner[3383:536655] Quiescence checks are disabled for com.zhiliaoapp.musically application. Making it to believe it is idling
2026-08-22 00:32:36.051619+0200 WebDriverAgentRunner-Runner[3383:536655] Getting the most recent active application (out of 1 total items)
    t =   400.66s Press Application 'com.zhiliaoapp.musically'[0.00, 0.00] -> (187.0, 650.0) for 0.7 seconds, then drag to Application 'com.zhiliaoapp.musically'[0.00, 0.00] -> (187.0, 200.0) with velocity of 500.00 pixels per second, and then hold for 0.0 seconds 
2026-08-22 00:32:36.054282+0200 WebDriverAgentRunner-Runner[3383:536655] Quiescence checks are disabled for com.zhiliaoapp.musically application. Making it to believe it is idling
    t =   400.66s     Find the Application 'com.zhiliaoapp.musically'
    t =   400.67s         Requesting snapshot of accessibility hierarchy for app with pid 3371
    t =   400.79s Application is configured to skip UI interruption handling
    t =   400.80s     Synthesize event
    t =   400.80s         Find the Application 'com.zhiliaoapp.musically'
    t =   400.80s             Requesting snapshot of accessibility hierarchy for app with pid 3371
    t =   400.86s         Find the Application 'com.zhiliaoapp.musically'
    t =   400.86s             Requesting snapshot of accessibility hierarchy for app with pid 3371
    t =   400.92s         Find the Application 'com.zhiliaoapp.musically'
    t =   400.93s             Requesting snapshot of accessibility hierarchy for app with pid 3371
    t =   400.98s         Find the Application 'com.zhiliaoapp.musically'
    t =   400.99s             Requesting snapshot of accessibility hierarchy for app with pid 3371
    t =   401.06s         Find the Application 'com.zhiliaoapp.musically'
    t =   401.06s             Requesting snapshot of accessibility hierarchy for app with pid 3371
2026-08-22 00:32:38.345597+0200 WebDriverAgentRunner-Runner[3383:536655] Quiescence checks are disabled for com.zhiliaoapp.musically application. Making it to believe it is idling
    t =   402.97s Terminate com.apple.Preferences:3390
    t =   445.44s Open com.apple.Preferences
    t =   445.45s     Launch com.apple.Preferences
    t =   445.62s         Setting up automation session
2026-08-22 00:33:21.085813+0200 WebDriverAgentRunner-Runner[3383:536655] Quiescence checks are disabled for com.apple.Preferences application. Making it to believe it is idling
    t =   446.74s Find the Application 'com.apple.Preferences'
    t =   446.76s     Requesting snapshot of accessibility hierarchy for app with pid 3395
    t =   446.92s Pressing Home button
    t =   448.48s Open com.zhiliaoapp.musically
    t =   448.49s     Activate com.zhiliaoapp.musically
2026-08-22 00:33:23.998723+0200 WebDriverAgentRunner-Runner[3383:536655] Quiescence checks are disabled for com.zhiliaoapp.musically application. Making it to believe it is idling
2026-08-22 00:33:27.082703+0200 WebDriverAgentRunner-Runner[3383:536655] Getting the most recent active application (out of 1 total items)
    t =   451.70s Find the Application 'com.zhiliaoapp.musically'
    t =   451.70s     Requesting snapshot of accessibility hierarchy for app with pid 3371
    t =   451.76s Find the Application 'com.zhiliaoapp.musically'
    t =   451.77s     Requesting snapshot of accessibility hierarchy for app with pid 3371
2026-08-22 00:33:28.594782+0200 WebDriverAgentRunner-Runner[3383:536655] Getting the most recent active application (out of 1 total items)
    t =   453.20s Press Application 'com.zhiliaoapp.musically'[0.00, 0.00] -> (187.0, 650.0) for 0.6 seconds, then drag to Application 'com.zhiliaoapp.musically'[0.00, 0.00] -> (187.0, 200.0) with velocity of 500.00 pixels per second, and then hold for 0.0 seconds 
2026-08-22 00:33:28.598448+0200 WebDriverAgentRunner-Runner[3383:536655] Quiescence checks are disabled for com.zhiliaoapp.musically application. Making it to believe it is idling
    t =   453.21s     Find the Application 'com.zhiliaoapp.musically'
    t =   453.21s         Requesting snapshot of accessibility hierarchy for app with pid 3371
    t =   453.28s Application is configured to skip UI interruption handling
    t =   453.28s     Synthesize event
    t =   453.29s         Find the Application 'com.zhiliaoapp.musically'
    t =   453.29s             Requesting snapshot of accessibility hierarchy for app with pid 3371
    t =   453.35s         Find the Application 'com.zhiliaoapp.musically'
    t =   453.35s             Requesting snapshot of accessibility hierarchy for app with pid 3371
    t =   453.41s         Find the Application 'com.zhiliaoapp.musically'
    t =   453.41s             Requesting snapshot of accessibility hierarchy for app with pid 3371
    t =   453.46s         Find the Application 'com.zhiliaoapp.musically'
    t =   453.46s             Requesting snapshot of accessibility hierarchy for app with pid 3371
    t =   453.53s         Find the Application 'com.zhiliaoapp.musically'
    t =   453.54s             Requesting snapshot of accessibility hierarchy for app with pid 3371
2026-08-22 00:33:30.721781+0200 WebDriverAgentRunner-Runner[3383:536655] Quiescence checks are disabled for com.zhiliaoapp.musically application. Making it to believe it is idling
2026-08-22 00:33:34.407710+0200 WebDriverAgentRunner-Runner[3383:536655] Getting the most recent active application (out of 1 total items)
    t =   459.02s Press Application 'com.zhiliaoapp.musically'[0.00, 0.00] -> (187.0, 650.0) for 0.9 seconds, then drag to Application 'com.zhiliaoapp.musically'[0.00, 0.00] -> (187.0, 200.0) with velocity of 500.00 pixels per second, and then hold for 0.0 seconds 
2026-08-22 00:33:34.410258+0200 WebDriverAgentRunner-Runner[3383:536655] Quiescence checks are disabled for com.zhiliaoapp.musically application. Making it to believe it is idling
    t =   459.02s     Find the Application 'com.zhiliaoapp.musically'
    t =   459.03s         Requesting snapshot of accessibility hierarchy for app with pid 3371
    t =   459.11s Application is configured to skip UI interruption handling
    t =   459.11s     Synthesize event
    t =   459.11s         Find the Application 'com.zhiliaoapp.musically'
    t =   459.12s             Requesting snapshot of accessibility hierarchy for app with pid 3371
    t =   459.18s         Find the Application 'com.zhiliaoapp.musically'
    t =   459.18s             Requesting snapshot of accessibility hierarchy for app with pid 3371
    t =   459.26s         Find the Application 'com.zhiliaoapp.musically'
    t =   459.26s             Requesting snapshot of accessibility hierarchy for app with pid 3371
    t =   459.32s         Find the Application 'com.zhiliaoapp.musically'
    t =   459.33s             Requesting snapshot of accessibility hierarchy for app with pid 3371
    t =   459.41s         Find the Application 'com.zhiliaoapp.musically'
    t =   459.42s             Requesting snapshot of accessibility hierarchy for app with pid 3371
2026-08-22 00:33:36.924193+0200 WebDriverAgentRunner-Runner[3383:536655] Quiescence checks are disabled for com.zhiliaoapp.musically application. Making it to believe it is idling
2026-08-22 00:33:41.825348+0200 WebDriverAgentRunner-Runner[3383:536655] Getting the most recent active application (out of 1 total items)
    t =   466.43s Press Application 'com.zhiliaoapp.musically'[0.00, 0.00] -> (187.0, 650.0) for 0.7 seconds, then drag to Application 'com.zhiliaoapp.musically'[0.00, 0.00] -> (187.0, 200.0) with velocity of 500.00 pixels per second, and then hold for 0.0 seconds 
2026-08-22 00:33:41.828498+0200 WebDriverAgentRunner-Runner[3383:536655] Quiescence checks are disabled for com.zhiliaoapp.musically application. Making it to believe it is idling
    t =   466.44s     Find the Application 'com.zhiliaoapp.musically'
    t =   466.45s         Requesting snapshot of accessibility hierarchy for app with pid 3371
    t =   466.58s Application is configured to skip UI interruption handling
    t =   466.59s     Synthesize event
    t =   466.60s         Find the Application 'com.zhiliaoapp.musically'
    t =   466.60s             Requesting snapshot of accessibility hierarchy for app with pid 3371
    t =   466.70s         Find the Application 'com.zhiliaoapp.musically'
    t =   466.71s             Requesting snapshot of accessibility hierarchy for app with pid 3371
    t =   466.81s         Find the Application 'com.zhiliaoapp.musically'
    t =   466.81s             Requesting snapshot of accessibility hierarchy for app with pid 3371
    t =   466.90s         Find the Application 'com.zhiliaoapp.musically'
    t =   466.91s             Requesting snapshot of accessibility hierarchy for app with pid 3371
    t =   466.98s         Find the Application 'com.zhiliaoapp.musically'
    t =   466.99s             Requesting snapshot of accessibility hierarchy for app with pid 3371
2026-08-22 00:33:44.312036+0200 WebDriverAgentRunner-Runner[3383:536655] Quiescence checks are disabled for com.zhiliaoapp.musically application. Making it to believe it is idling
2026-08-22 00:33:51.083784+0200 WebDriverAgentRunner-Runner[3383:536655] Getting the most recent active application (out of 1 total items)
    t =   475.69s Press Application 'com.zhiliaoapp.musically'[0.00, 0.00] -> (187.0, 650.0) for 0.5 seconds, then drag to Application 'com.zhiliaoapp.musically'[0.00, 0.00] -> (187.0, 200.0) with velocity of 500.00 pixels per second, and then hold for 0.0 seconds 
2026-08-22 00:33:51.087004+0200 WebDriverAgentRunner-Runner[3383:536655] Quiescence checks are disabled for com.zhiliaoapp.musically application. Making it to believe it is idling
    t =   475.70s     Find the Application 'com.zhiliaoapp.musically'
    t =   475.70s         Requesting snapshot of accessibility hierarchy for app with pid 3371
    t =   475.85s Application is configured to skip UI interruption handling
    t =   475.85s     Synthesize event
    t =   475.85s         Find the Application 'com.zhiliaoapp.musically'
    t =   475.85s             Requesting snapshot of accessibility hierarchy for app with pid 3371
    t =   475.92s         Find the Application 'com.zhiliaoapp.musically'
    t =   475.93s             Requesting snapshot of accessibility hierarchy for app with pid 3371
    t =   475.99s         Find the Application 'com.zhiliaoapp.musically'
    t =   475.99s             Requesting snapshot of accessibility hierarchy for app with pid 3371
    t =   476.06s         Find the Application 'com.zhiliaoapp.musically'
    t =   476.06s             Requesting snapshot of accessibility hierarchy for app with pid 3371
    t =   476.15s         Find the Application 'com.zhiliaoapp.musically'
    t =   476.16s             Requesting snapshot of accessibility hierarchy for app with pid 3371
2026-08-22 00:33:53.292822+0200 WebDriverAgentRunner-Runner[3383:536655] Quiescence checks are disabled for com.zhiliaoapp.musically application. Making it to believe it is idling
2026-08-22 00:33:58.151907+0200 WebDriverAgentRunner-Runner[3383:536655] Getting the most recent active application (out of 1 total items)
    t =   482.76s Press Application 'com.zhiliaoapp.musically'[0.00, 0.00] -> (187.0, 650.0) for 0.8 seconds, then drag to Application 'com.zhiliaoapp.musically'[0.00, 0.00] -> (187.0, 200.0) with velocity of 500.00 pixels per second, and then hold for 0.0 seconds 
2026-08-22 00:33:58.154977+0200 WebDriverAgentRunner-Runner[3383:536655] Quiescence checks are disabled for com.zhiliaoapp.musically application. Making it to believe it is idling
    t =   482.76s     Find the Application 'com.zhiliaoapp.musically'
    t =   482.77s         Requesting snapshot of accessibility hierarchy for app with pid 3371
    t =   482.84s Application is configured to skip UI interruption handling
    t =   482.84s     Synthesize event
    t =   482.85s         Find the Application 'com.zhiliaoapp.musically'
    t =   482.85s             Requesting snapshot of accessibility hierarchy for app with pid 3371
    t =   482.92s         Find the Application 'com.zhiliaoapp.musically'
    t =   482.92s             Requesting snapshot of accessibility hierarchy for app with pid 3371
    t =   482.99s         Find the Application 'com.zhiliaoapp.musically'
    t =   482.99s             Requesting snapshot of accessibility hierarchy for app with pid 3371
    t =   483.05s         Find the Application 'com.zhiliaoapp.musically'
    t =   483.06s             Requesting snapshot of accessibility hierarchy for app with pid 3371
    t =   483.13s         Find the Application 'com.zhiliaoapp.musically'
    t =   483.13s             Requesting snapshot of accessibility hierarchy for app with pid 3371
2026-08-22 00:34:00.527310+0200 WebDriverAgentRunner-Runner[3383:536655] Quiescence checks are disabled for com.zhiliaoapp.musically application. Making it to believe it is idling
2026-08-22 00:34:18.259452+0200 WebDriverAgentRunner-Runner[3383:536655] Getting the most recent active application (out of 1 total items)
    t =   502.87s Press Application 'com.zhiliaoapp.musically'[0.00, 0.00] -> (187.0, 650.0) for 0.8 seconds, then drag to Application 'com.zhiliaoapp.musically'[0.00, 0.00] -> (187.0, 200.0) with velocity of 500.00 pixels per second, and then hold for 0.0 seconds 
2026-08-22 00:34:18.263681+0200 WebDriverAgentRunner-Runner[3383:536655] Quiescence checks are disabled for com.zhiliaoapp.musically application. Making it to believe it is idling
    t =   502.87s     Find the Application 'com.zhiliaoapp.musically'
    t =   502.88s         Requesting snapshot of accessibility hierarchy for app with pid 3371
    t =   502.97s Application is configured to skip UI interruption handling
    t =   502.98s     Synthesize event
    t =   502.98s         Find the Application 'com.zhiliaoapp.musically'
    t =   502.98s             Requesting snapshot of accessibility hierarchy for app with pid 3371
    t =   503.05s         Find the Application 'com.zhiliaoapp.musically'
    t =   503.06s             Requesting snapshot of accessibility hierarchy for app with pid 3371
    t =   503.13s         Find the Application 'com.zhiliaoapp.musically'
    t =   503.13s             Requesting snapshot of accessibility hierarchy for app with pid 3371
    t =   503.21s         Find the Application 'com.zhiliaoapp.musically'
    t =   503.21s             Requesting snapshot of accessibility hierarchy for app with pid 3371
    t =   503.31s         Find the Application 'com.zhiliaoapp.musically'
    t =   503.31s             Requesting snapshot of accessibility hierarchy for app with pid 3371
2026-08-22 00:34:20.692282+0200 WebDriverAgentRunner-Runner[3383:536655] Quiescence checks are disabled for com.zhiliaoapp.musically application. Making it to believe it is idling
2026-08-22 00:34:38.246937+0200 WebDriverAgentRunner-Runner[3383:536655] Getting the most recent active application (out of 1 total items)
    t =   522.86s Press Application 'com.zhiliaoapp.musically'[0.00, 0.00] -> (187.0, 650.0) for 0.6 seconds, then drag to Application 'com.zhiliaoapp.musically'[0.00, 0.00] -> (187.0, 200.0) with velocity of 500.00 pixels per second, and then hold for 0.0 seconds 
2026-08-22 00:34:38.250160+0200 WebDriverAgentRunner-Runner[3383:536655] Quiescence checks are disabled for com.zhiliaoapp.musically application. Making it to believe it is idling
    t =   522.86s     Find the Application 'com.zhiliaoapp.musically'
    t =   522.87s         Requesting snapshot of accessibility hierarchy for app with pid 3371
    t =   522.98s Application is configured to skip UI interruption handling
    t =   522.99s     Synthesize event
    t =   523.00s         Find the Application 'com.zhiliaoapp.musically'
    t =   523.00s             Requesting snapshot of accessibility hierarchy for app with pid 3371
    t =   523.09s         Find the Application 'com.zhiliaoapp.musically'
    t =   523.09s             Requesting snapshot of accessibility hierarchy for app with pid 3371
    t =   523.20s         Find the Application 'com.zhiliaoapp.musically'
    t =   523.20s             Requesting snapshot of accessibility hierarchy for app with pid 3371
    t =   523.29s         Find the Application 'com.zhiliaoapp.musically'
    t =   523.29s             Requesting snapshot of accessibility hierarchy for app with pid 3371
    t =   523.38s         Find the Application 'com.zhiliaoapp.musically'
    t =   523.39s             Requesting snapshot of accessibility hierarchy for app with pid 3371
2026-08-22 00:34:40.736103+0200 WebDriverAgentRunner-Runner[3383:536655] Quiescence checks are disabled for com.zhiliaoapp.musically application. Making it to believe it is idling
2026-08-22 00:34:45.841517+0200 WebDriverAgentRunner-Runner[3383:536655] Getting the most recent active application (out of 1 total items)
    t =   530.45s Press Application 'com.zhiliaoapp.musically'[0.00, 0.00] -> (187.0, 650.0) for 0.6 seconds, then drag to Application 'com.zhiliaoapp.musically'[0.00, 0.00] -> (187.0, 200.0) with velocity of 500.00 pixels per second, and then hold for 0.0 seconds 
2026-08-22 00:34:45.845043+0200 WebDriverAgentRunner-Runner[3383:536655] Quiescence checks are disabled for com.zhiliaoapp.musically application. Making it to believe it is idling
    t =   530.45s     Find the Application 'com.zhiliaoapp.musically'
    t =   530.46s         Requesting snapshot of accessibility hierarchy for app with pid 3371
    t =   530.60s Application is configured to skip UI interruption handling
    t =   530.60s     Synthesize event
    t =   530.61s         Find the Application 'com.zhiliaoapp.musically'
    t =   530.61s             Requesting snapshot of accessibility hierarchy for app with pid 3371
    t =   530.67s         Find the Application 'com.zhiliaoapp.musically'
    t =   530.67s             Requesting snapshot of accessibility hierarchy for app with pid 3371
    t =   530.74s         Find the Application 'com.zhiliaoapp.musically'
    t =   530.75s             Requesting snapshot of accessibility hierarchy for app with pid 3371
    t =   530.80s         Find the Application 'com.zhiliaoapp.musically'
    t =   530.80s             Requesting snapshot of accessibility hierarchy for app with pid 3371
    t =   530.86s         Find the Application 'com.zhiliaoapp.musically'
    t =   530.86s             Requesting snapshot of accessibility hierarchy for app with pid 3371
2026-08-22 00:34:48.046363+0200 WebDriverAgentRunner-Runner[3383:536655] Quiescence checks are disabled for com.zhiliaoapp.musically application. Making it to believe it is idling
2026-08-22 00:34:55.555145+0200 WebDriverAgentRunner-Runner[3383:536655] Getting the most recent active application (out of 1 total items)
    t =   540.16s Press Application 'com.zhiliaoapp.musically'[0.00, 0.00] -> (187.0, 650.0) for 0.7 seconds, then drag to Application 'com.zhiliaoapp.musically'[0.00, 0.00] -> (187.0, 200.0) with velocity of 500.00 pixels per second, and then hold for 0.0 seconds 
2026-08-22 00:34:55.558100+0200 WebDriverAgentRunner-Runner[3383:536655] Quiescence checks are disabled for com.zhiliaoapp.musically application. Making it to believe it is idling
    t =   540.17s     Find the Application 'com.zhiliaoapp.musically'
    t =   540.18s         Requesting snapshot of accessibility hierarchy for app with pid 3371
    t =   540.31s Application is configured to skip UI interruption handling
    t =   540.31s     Synthesize event
    t =   540.32s         Find the Application 'com.zhiliaoapp.musically'
    t =   540.32s             Requesting snapshot of accessibility hierarchy for app with pid 3371
    t =   540.39s         Find the Application 'com.zhiliaoapp.musically'
    t =   540.39s             Requesting snapshot of accessibility hierarchy for app with pid 3371
    t =   540.46s         Find the Application 'com.zhiliaoapp.musically'
    t =   540.47s             Requesting snapshot of accessibility hierarchy for app with pid 3371
    t =   540.53s         Find the Application 'com.zhiliaoapp.musically'
    t =   540.54s             Requesting snapshot of accessibility hierarchy for app with pid 3371
    t =   540.76s         Find the Application 'com.zhiliaoapp.musically'
    t =   540.76s             Requesting snapshot of accessibility hierarchy for app with pid 3371
2026-08-22 00:34:58.180486+0200 WebDriverAgentRunner-Runner[3383:536655] Quiescence checks are disabled for com.zhiliaoapp.musically application. Making it to believe it is idling
2026-08-22 00:35:02.943650+0200 WebDriverAgentRunner-Runner[3383:536655] Getting the most recent active application (out of 1 total items)
    t =   547.56s Find the Application 'com.zhiliaoapp.musically'
    t =   547.56s     Requesting snapshot of accessibility hierarchy for app with pid 3371
    t =   547.70s Find the Application 'com.zhiliaoapp.musically'
    t =   547.70s     Requesting snapshot of accessibility hierarchy for app with pid 3371
2026-08-22 00:35:05.774452+0200 WebDriverAgentRunner-Runner[3383:536655] Getting the most recent active application (out of 1 total items)
    t =   550.38s Get all elements bound by accessibility element for: Descendants matching type TextView
    t =   550.40s     Requesting snapshot of accessibility hierarchy for app with pid 3371
    t =   550.42s     Find: Descendants matching type TextView
    t =   550.63s Pressing Home button
    t =   551.65s Open com.zhiliaoapp.musically
    t =   551.65s     Activate com.zhiliaoapp.musically
2026-08-22 00:35:07.084293+0200 WebDriverAgentRunner-Runner[3383:536655] Quiescence checks are disabled for com.zhiliaoapp.musically application. Making it to believe it is idling
2026-08-22 00:35:07.105678+0200 WebDriverAgentRunner-Runner[3383:536655] Getting the most recent active application (out of 1 total items)
    t =   551.71s Press Application 'com.zhiliaoapp.musically'[0.00, 0.00] -> (187.0, 650.0) for 0.8 seconds, then drag to Application 'com.zhiliaoapp.musically'[0.00, 0.00] -> (187.0, 200.0) with velocity of 500.00 pixels per second, and then hold for 0.0 seconds 
2026-08-22 00:35:07.106065+0200 WebDriverAgentRunner-Runner[3383:536655] Quiescence checks are disabled for com.zhiliaoapp.musically application. Making it to believe it is idling
    t =   551.71s     Find the Application 'com.zhiliaoapp.musically'
    t =   551.72s         Requesting snapshot of accessibility hierarchy for app with pid 3371
    t =   552.20s Application is configured to skip UI interruption handling
    t =   552.22s     Synthesize event
    t =   552.25s         Find the Application 'com.zhiliaoapp.musically'
    t =   552.25s             Requesting snapshot of accessibility hierarchy for app with pid 3371
    t =   552.28s         Find the Application 'com.zhiliaoapp.musically'
    t =   552.28s             Requesting snapshot of accessibility hierarchy for app with pid 3371
    t =   552.30s         Find the Application 'com.zhiliaoapp.musically'
    t =   552.31s             Requesting snapshot of accessibility hierarchy for app with pid 3371
    t =   552.32s         Find the Application 'com.zhiliaoapp.musically'
    t =   552.32s             Requesting snapshot of accessibility hierarchy for app with pid 3371
    t =   552.34s         Find the Application 'com.zhiliaoapp.musically'
    t =   552.34s             Requesting snapshot of accessibility hierarchy for app with pid 3371
2026-08-22 00:35:09.684057+0200 WebDriverAgentRunner-Runner[3383:536655] Quiescence checks are disabled for com.zhiliaoapp.musically application. Making it to believe it is idling
2026-08-22 00:35:25.162317+0200 WebDriverAgentRunner-Runner[3383:536655] Getting the most recent active application (out of 1 total items)
    t =   569.77s Press Application 'com.zhiliaoapp.musically'[0.00, 0.00] -> (187.0, 650.0) for 0.7 seconds, then drag to Application 'com.zhiliaoapp.musically'[0.00, 0.00] -> (187.0, 200.0) with velocity of 500.00 pixels per second, and then hold for 0.0 seconds 
2026-08-22 00:35:25.166034+0200 WebDriverAgentRunner-Runner[3383:536655] Quiescence checks are disabled for com.zhiliaoapp.musically application. Making it to believe it is idling
    t =   569.78s     Find the Application 'com.zhiliaoapp.musically'
    t =   569.79s         Requesting snapshot of accessibility hierarchy for app with pid 3371
    t =   569.92s Application is configured to skip UI interruption handling
    t =   569.93s     Synthesize event
    t =   569.94s         Find the Application 'com.zhiliaoapp.musically'
    t =   569.94s             Requesting snapshot of accessibility hierarchy for app with pid 3371
    t =   570.02s         Find the Application 'com.zhiliaoapp.musically'
    t =   570.03s             Requesting snapshot of accessibility hierarchy for app with pid 3371
    t =   570.12s         Find the Application 'com.zhiliaoapp.musically'
    t =   570.12s             Requesting snapshot of accessibility hierarchy for app with pid 3371
    t =   570.21s         Find the Application 'com.zhiliaoapp.musically'
    t =   570.22s             Requesting snapshot of accessibility hierarchy for app with pid 3371
    t =   570.31s         Find the Application 'com.zhiliaoapp.musically'
    t =   570.32s             Requesting snapshot of accessibility hierarchy for app with pid 3371
2026-08-22 00:35:27.693266+0200 WebDriverAgentRunner-Runner[3383:536655] Quiescence checks are disabled for com.zhiliaoapp.musically application. Making it to believe it is idling
2026-08-22 00:35:32.103928+0200 WebDriverAgentRunner-Runner[3383:536655] Getting the most recent active application (out of 1 total items)
    t =   576.71s Press Application 'com.zhiliaoapp.musically'[0.00, 0.00] -> (187.0, 650.0) for 0.9 seconds, then drag to Application 'com.zhiliaoapp.musically'[0.00, 0.00] -> (187.0, 200.0) with velocity of 500.00 pixels per second, and then hold for 0.0 seconds 
2026-08-22 00:35:32.106524+0200 WebDriverAgentRunner-Runner[3383:536655] Quiescence checks are disabled for com.zhiliaoapp.musically application. Making it to believe it is idling
    t =   576.72s     Find the Application 'com.zhiliaoapp.musically'
    t =   576.84s         Requesting snapshot of accessibility hierarchy for app with pid 3371
    t =   576.98s Application is configured to skip UI interruption handling
    t =   576.99s     Synthesize event
    t =   576.99s         Find the Application 'com.zhiliaoapp.musically'
    t =   577.00s             Requesting snapshot of accessibility hierarchy for app with pid 3371
    t =   577.10s         Find the Application 'com.zhiliaoapp.musically'
    t =   577.11s             Requesting snapshot of accessibility hierarchy for app with pid 3371
    t =   577.20s         Find the Application 'com.zhiliaoapp.musically'
    t =   577.20s             Requesting snapshot of accessibility hierarchy for app with pid 3371
    t =   577.29s         Find the Application 'com.zhiliaoapp.musically'
    t =   577.29s             Requesting snapshot of accessibility hierarchy for app with pid 3371
    t =   577.39s         Find the Application 'com.zhiliaoapp.musically'
    t =   577.39s             Requesting snapshot of accessibility hierarchy for app with pid 3371
2026-08-22 00:35:35.078678+0200 WebDriverAgentRunner-Runner[3383:536655] Quiescence checks are disabled for com.zhiliaoapp.musically application. Making it to believe it is idling
2026-08-22 00:35:49.984871+0200 WebDriverAgentRunner-Runner[3383:536655] Getting the most recent active application (out of 1 total items)
    t =   594.59s Press Application 'com.zhiliaoapp.musically'[0.00, 0.00] -> (187.0, 650.0) for 0.7 seconds, then drag to Application 'com.zhiliaoapp.musically'[0.00, 0.00] -> (187.0, 200.0) with velocity of 500.00 pixels per second, and then hold for 0.0 seconds 
2026-08-22 00:35:49.987896+0200 WebDriverAgentRunner-Runner[3383:536655] Quiescence checks are disabled for com.zhiliaoapp.musically application. Making it to believe it is idling
    t =   594.60s     Find the Application 'com.zhiliaoapp.musically'
    t =   594.61s         Requesting snapshot of accessibility hierarchy for app with pid 3371
    t =   594.75s Application is configured to skip UI interruption handling
    t =   594.76s     Synthesize event
    t =   594.76s         Find the Application 'com.zhiliaoapp.musically'
    t =   594.76s             Requesting snapshot of accessibility hierarchy for app with pid 3371
    t =   594.94s         Find the Application 'com.zhiliaoapp.musically'
    t =   594.96s             Requesting snapshot of accessibility hierarchy for app with pid 3371
    t =   595.11s         Find the Application 'com.zhiliaoapp.musically'
    t =   595.11s             Requesting snapshot of accessibility hierarchy for app with pid 3371
    t =   595.24s         Find the Application 'com.zhiliaoapp.musically'
    t =   595.24s             Requesting snapshot of accessibility hierarchy for app with pid 3371
    t =   595.37s         Find the Application 'com.zhiliaoapp.musically'
    t =   595.37s             Requesting snapshot of accessibility hierarchy for app with pid 3371
2026-08-22 00:35:52.735906+0200 WebDriverAgentRunner-Runner[3383:536655] Quiescence checks are disabled for com.zhiliaoapp.musically application. Making it to believe it is idling
    t =   597.36s Terminate com.apple.Preferences:3395
    t =   791.10s Open com.apple.Preferences
    t =   791.10s     Launch com.apple.Preferences
    t =   791.26s         Setting up automation session
2026-08-22 00:39:06.702059+0200 WebDriverAgentRunner-Runner[3383:536655] Quiescence checks are disabled for com.apple.Preferences application. Making it to believe it is idling
    t =   792.37s Find the Application 'com.apple.Preferences'
    t =   792.38s     Requesting snapshot of accessibility hierarchy for app with pid 3401
    t =   792.53s Pressing Home button
    t =   794.27s Open com.zhiliaoapp.musically
    t =   794.28s     Activate com.zhiliaoapp.musically
2026-08-22 00:39:09.828906+0200 WebDriverAgentRunner-Runner[3383:536655] Quiescence checks are disabled for com.zhiliaoapp.musically application. Making it to believe it is idling
2026-08-22 00:39:12.984075+0200 WebDriverAgentRunner-Runner[3383:536655] Getting the most recent active application (out of 1 total items)
    t =   797.60s Find the Application 'com.zhiliaoapp.musically'
    t =   797.61s     Requesting snapshot of accessibility hierarchy for app with pid 3371
    t =   797.64s Find the Application 'com.zhiliaoapp.musically'
    t =   797.65s     Requesting snapshot of accessibility hierarchy for app with pid 3371
2026-08-22 00:39:14.445960+0200 WebDriverAgentRunner-Runner[3383:536655] Getting the most recent active application (out of 1 total items)
    t =   799.06s Find the Application 'com.zhiliaoapp.musically'
    t =   799.07s     Requesting snapshot of accessibility hierarchy for app with pid 3371
    t =   799.11s Find the Application 'com.zhiliaoapp.musically'
    t =   799.12s     Requesting snapshot of accessibility hierarchy for app with pid 3371
    t =   799.16s Find the Application 'com.zhiliaoapp.musically'
    t =   799.16s     Requesting snapshot of accessibility hierarchy for app with pid 3371
    t =   799.19s Find the Application 'com.zhiliaoapp.musically'
    t =   799.19s     Requesting snapshot of accessibility hierarchy for app with pid 3371
2026-08-22 00:39:18.271009+0200 WebDriverAgentRunner-Runner[3383:536655] Getting the most recent active application (out of 1 total items)
    t =   802.89s Find the Application 'com.zhiliaoapp.musically'
    t =   802.90s     Requesting snapshot of accessibility hierarchy for app with pid 3371
    t =   802.97s Find the Application 'com.zhiliaoapp.musically'
    t =   802.97s     Requesting snapshot of accessibility hierarchy for app with pid 3371
2026-08-22 00:39:20.616051+0200 WebDriverAgentRunner-Runner[3383:536655] Getting the most recent active application (out of 1 total items)
    t =   805.23s Get all elements bound by accessibility element for: Descendants matching type TextView
    t =   805.24s     Requesting snapshot of accessibility hierarchy for app with pid 3371
    t =   805.26s     Find: Descendants matching type TextView
    t =   805.29s Pressing Home button
    t =   806.30s Open com.zhiliaoapp.musically
    t =   806.30s     Activate com.zhiliaoapp.musically
2026-08-22 00:39:21.732442+0200 WebDriverAgentRunner-Runner[3383:536655] Quiescence checks are disabled for com.zhiliaoapp.musically application. Making it to believe it is idling
2026-08-22 00:39:21.761608+0200 WebDriverAgentRunner-Runner[3383:536655] Getting the most recent active application (out of 1 total items)
    t =   806.37s Find the Application 'com.zhiliaoapp.musically'
    t =   806.37s     Requesting snapshot of accessibility hierarchy for app with pid 3371
    t =   806.93s Find the Application 'com.zhiliaoapp.musically'
    t =   806.94s     Requesting snapshot of accessibility hierarchy for app with pid 3371
    t =   806.96s Find the Application 'com.zhiliaoapp.musically'
    t =   806.96s     Requesting snapshot of accessibility hierarchy for app with pid 3371
    t =   806.99s Find the Application 'com.zhiliaoapp.musically'
    t =   806.99s     Requesting snapshot of accessibility hierarchy for app with pid 3371
2026-08-22 00:39:27.609333+0200 WebDriverAgentRunner-Runner[3383:536655] Getting the most recent active application (out of 1 total items)
    t =   812.33s Find the Application 'com.zhiliaoapp.musically'
    t =   812.35s     Requesting snapshot of accessibility hierarchy for app with pid 3371
    t =   812.44s Find the Application 'com.zhiliaoapp.musically'
    t =   812.44s     Requesting snapshot of accessibility hierarchy for app with pid 3371
    t =   812.52s Find the Application 'com.zhiliaoapp.musically'
    t =   812.52s     Requesting snapshot of accessibility hierarchy for app with pid 3371
    t =   812.58s Find the Application 'com.zhiliaoapp.musically'
    t =   812.59s     Requesting snapshot of accessibility hierarchy for app with pid 3371
2026-08-22 00:39:31.712386+0200 WebDriverAgentRunner-Runner[3383:536655] Getting the most recent active application (out of 1 total items)
    t =   816.33s Find the Application 'com.zhiliaoapp.musically'
    t =   816.33s     Requesting snapshot of accessibility hierarchy for app with pid 3371
    t =   816.36s Find the Application 'com.zhiliaoapp.musically'
    t =   816.36s     Requesting snapshot of accessibility hierarchy for app with pid 3371
    t =   816.43s Find the Application 'com.zhiliaoapp.musically'
    t =   816.44s     Requesting snapshot of accessibility hierarchy for app with pid 3371
    t =   816.47s Find the Application 'com.zhiliaoapp.musically'
    t =   816.47s     Requesting snapshot of accessibility hierarchy for app with pid 3371
2026-08-22 00:39:40.290105+0200 WebDriverAgentRunner-Runner[3383:536655] Getting the most recent active application (out of 1 total items)
    t =   824.90s Find the Application 'com.zhiliaoapp.musically'
    t =   824.91s     Requesting snapshot of accessibility hierarchy for app with pid 3371
    t =   824.98s Find the Application 'com.zhiliaoapp.musically'
    t =   824.99s     Requesting snapshot of accessibility hierarchy for app with pid 3371
    t =   825.06s Find the Application 'com.zhiliaoapp.musically'
    t =   825.06s     Requesting snapshot of accessibility hierarchy for app with pid 3371
    t =   825.13s Find the Application 'com.zhiliaoapp.musically'
    t =   825.13s     Requesting snapshot of accessibility hierarchy for app with pid 3371
2026-08-22 00:39:41.694025+0200 WebDriverAgentRunner-Runner[3383:536655] Getting the most recent active application (out of 1 total items)
    t =   826.31s Find the Application 'com.zhiliaoapp.musically'
    t =   826.32s     Requesting snapshot of accessibility hierarchy for app with pid 3371
    t =   826.38s Find the Application 'com.zhiliaoapp.musically'
    t =   826.39s     Requesting snapshot of accessibility hierarchy for app with pid 3371
    t =   826.46s Find the Application 'com.zhiliaoapp.musically'
    t =   826.47s     Requesting snapshot of accessibility hierarchy for app with pid 3371
    t =   826.53s Find the Application 'com.zhiliaoapp.musically'
    t =   826.53s     Requesting snapshot of accessibility hierarchy for app with pid 3371
2026-08-22 00:39:46.406381+0200 WebDriverAgentRunner-Runner[3383:536655] Getting the most recent active application (out of 1 total items)
    t =   831.02s Find the Application 'com.zhiliaoapp.musically'
    t =   831.02s     Requesting snapshot of accessibility hierarchy for app with pid 3371
    t =   831.09s Find the Application 'com.zhiliaoapp.musically'
    t =   831.09s     Requesting snapshot of accessibility hierarchy for app with pid 3371
    t =   831.16s Find the Application 'com.zhiliaoapp.musically'
    t =   831.17s     Requesting snapshot of accessibility hierarchy for app with pid 3371
    t =   831.22s Find the Application 'com.zhiliaoapp.musically'
    t =   831.22s     Requesting snapshot of accessibility hierarchy for app with pid 3371
2026-08-22 00:39:50.330725+0200 WebDriverAgentRunner-Runner[3383:536655] Getting the most recent active application (out of 1 total items)
    t =   834.94s Find the Application 'com.zhiliaoapp.musically'
    t =   834.95s     Requesting snapshot of accessibility hierarchy for app with pid 3371
    t =   835.01s Find the Application 'com.zhiliaoapp.musically'
    t =   835.01s     Requesting snapshot of accessibility hierarchy for app with pid 3371
    t =   835.05s Find the Application 'com.zhiliaoapp.musically'
    t =   835.05s     Requesting snapshot of accessibility hierarchy for app with pid 3371
    t =   835.10s Find the Application 'com.zhiliaoapp.musically'
    t =   835.10s     Requesting snapshot of accessibility hierarchy for app with pid 3371
2026-08-22 00:39:56.213215+0200 WebDriverAgentRunner-Runner[3383:536655] Getting the most recent active application (out of 1 total items)
    t =   840.83s Find the Application 'com.zhiliaoapp.musically'
    t =   840.84s     Requesting snapshot of accessibility hierarchy for app with pid 3371
    t =   840.93s Find the Application 'com.zhiliaoapp.musically'
    t =   840.93s     Requesting snapshot of accessibility hierarchy for app with pid 3371
    t =   840.99s Find the Application 'com.zhiliaoapp.musically'
    t =   841.00s     Requesting snapshot of accessibility hierarchy for app with pid 3371
    t =   841.06s Find the Application 'com.zhiliaoapp.musically'
    t =   841.06s     Requesting snapshot of accessibility hierarchy for app with pid 3371
2026-08-22 00:40:06.426821+0200 WebDriverAgentRunner-Runner[3383:536655] Getting the most recent active application (out of 1 total items)
    t =   851.04s Find the Application 'com.zhiliaoapp.musically'
    t =   851.05s     Requesting snapshot of accessibility hierarchy for app with pid 3371
    t =   851.12s Find the Application 'com.zhiliaoapp.musically'
    t =   851.12s     Requesting snapshot of accessibility hierarchy for app with pid 3371
    t =   851.19s Find the Application 'com.zhiliaoapp.musically'
    t =   851.19s     Requesting snapshot of accessibility hierarchy for app with pid 3371
    t =   851.25s Find the Application 'com.zhiliaoapp.musically'
    t =   851.25s     Requesting snapshot of accessibility hierarchy for app with pid 3371
2026-08-22 00:40:16.012870+0200 WebDriverAgentRunner-Runner[3383:536655] Getting the most recent active application (out of 1 total items)
    t =   860.63s Find the Application 'com.zhiliaoapp.musically'
    t =   860.63s     Requesting snapshot of accessibility hierarchy for app with pid 3371
    t =   860.67s Find the Application 'com.zhiliaoapp.musically'
    t =   860.67s     Requesting snapshot of accessibility hierarchy for app with pid 3371
2026-08-22 00:40:18.596614+0200 WebDriverAgentRunner-Runner[3383:536655] Getting the most recent active application (out of 1 total items)
    t =   863.21s Get all elements bound by accessibility element for: Descendants matching type TextView
    t =   863.22s     Requesting snapshot of accessibility hierarchy for app with pid 3371
    t =   863.28s     Find: Descendants matching type TextView
    t =   863.31s Pressing Home button
    t =   864.37s Open com.zhiliaoapp.musically
    t =   864.37s     Activate com.zhiliaoapp.musically
2026-08-22 00:40:19.802192+0200 WebDriverAgentRunner-Runner[3383:536655] Quiescence checks are disabled for com.zhiliaoapp.musically application. Making it to believe it is idling
2026-08-22 00:40:19.827826+0200 WebDriverAgentRunner-Runner[3383:536655] Getting the most recent active application (out of 1 total items)
    t =   864.44s Find the Application 'com.zhiliaoapp.musically'
    t =   864.44s     Requesting snapshot of accessibility hierarchy for app with pid 3371
    t =   864.96s Find the Application 'com.zhiliaoapp.musically'
    t =   864.96s     Requesting snapshot of accessibility hierarchy for app with pid 3371
    t =   864.99s Find the Application 'com.zhiliaoapp.musically'
    t =   864.99s     Requesting snapshot of accessibility hierarchy for app with pid 3371
    t =   865.02s Find the Application 'com.zhiliaoapp.musically'
    t =   865.03s     Requesting snapshot of accessibility hierarchy for app with pid 3371
2026-08-22 00:40:25.974134+0200 WebDriverAgentRunner-Runner[3383:536655] Getting the most recent active application (out of 1 total items)
    t =   870.59s Find the Application 'com.zhiliaoapp.musically'
    t =   870.59s     Requesting snapshot of accessibility hierarchy for app with pid 3371
    t =   870.65s Find the Application 'com.zhiliaoapp.musically'
    t =   870.65s     Requesting snapshot of accessibility hierarchy for app with pid 3371
    t =   870.71s Find the Application 'com.zhiliaoapp.musically'
    t =   870.71s     Requesting snapshot of accessibility hierarchy for app with pid 3371
    t =   870.81s Find the Application 'com.zhiliaoapp.musically'
    t =   870.82s     Requesting snapshot of accessibility hierarchy for app with pid 3371
2026-08-22 00:40:37.659757+0200 WebDriverAgentRunner-Runner[3383:536655] Getting the most recent active application (out of 1 total items)
    t =   882.27s Find the Application 'com.zhiliaoapp.musically'
    t =   882.28s     Requesting snapshot of accessibility hierarchy for app with pid 3371
    t =   882.35s Find the Application 'com.zhiliaoapp.musically'
    t =   882.35s     Requesting snapshot of accessibility hierarchy for app with pid 3371
2026-08-22 00:40:39.231343+0200 WebDriverAgentRunner-Runner[3383:536655] Getting the most recent active application (out of 1 total items)
    t =   883.85s Find the Application 'com.zhiliaoapp.musically'
    t =   883.86s     Requesting snapshot of accessibility hierarchy for app with pid 3371
    t =   884.04s Find the Application 'com.zhiliaoapp.musically'
    t =   884.04s     Requesting snapshot of accessibility hierarchy for app with pid 3371
    t =   884.08s Find the Application 'com.zhiliaoapp.musically'
    t =   884.09s     Requesting snapshot of accessibility hierarchy for app with pid 3371
    t =   884.14s Find the Application 'com.zhiliaoapp.musically'
    t =   884.14s     Requesting snapshot of accessibility hierarchy for app with pid 3371
    t =   889.68s Device orientation changed to Portrait
    t =   889.69s Device orientation changed to Face Up
2026-08-22 00:40:45.095137+0200 WebDriverAgentRunner-Runner[3383:536655] Getting the most recent active application (out of 1 total items)
    t =   889.71s Find the Application 'com.zhiliaoapp.musically'
    t =   889.71s     Requesting snapshot of accessibility hierarchy for app with pid 3371
    t =   889.75s Find the Application 'com.zhiliaoapp.musically'
    t =   889.76s     Requesting snapshot of accessibility hierarchy for app with pid 3371
    t =   889.82s Find the Application 'com.zhiliaoapp.musically'
    t =   889.83s     Requesting snapshot of accessibility hierarchy for app with pid 3371
    t =   889.88s Find the Application 'com.zhiliaoapp.musically'
    t =   889.88s     Requesting snapshot of accessibility hierarchy for app with pid 3371
2026-08-22 00:40:46.469202+0200 WebDriverAgentRunner-Runner[3383:536655] Getting the most recent active application (out of 1 total items)
    t =   891.08s Find the Application 'com.zhiliaoapp.musically'
    t =   891.09s     Requesting snapshot of accessibility hierarchy for app with pid 3371
    t =   891.17s Find the Application 'com.zhiliaoapp.musically'
    t =   891.17s     Requesting snapshot of accessibility hierarchy for app with pid 3371
    t =   891.25s Find the Application 'com.zhiliaoapp.musically'
    t =   891.25s     Requesting snapshot of accessibility hierarchy for app with pid 3371
    t =   891.31s Find the Application 'com.zhiliaoapp.musically'
    t =   891.31s     Requesting snapshot of accessibility hierarchy for app with pid 3371
2026-08-22 00:40:56.668443+0200 WebDriverAgentRunner-Runner[3383:536655] Getting the most recent active application (out of 1 total items)
    t =   901.28s Find the Application 'com.zhiliaoapp.musically'
    t =   901.29s     Requesting snapshot of accessibility hierarchy for app with pid 3371
    t =   901.36s Find the Application 'com.zhiliaoapp.musically'
    t =   901.36s     Requesting snapshot of accessibility hierarchy for app with pid 3371
    t =   901.44s Find the Application 'com.zhiliaoapp.musically'
    t =   901.44s     Requesting snapshot of accessibility hierarchy for app with pid 3371
    t =   901.50s Find the Application 'com.zhiliaoapp.musically'
    t =   901.50s     Requesting snapshot of accessibility hierarchy for app with pid 3371
2026-08-22 00:40:58.172263+0200 WebDriverAgentRunner-Runner[3383:536655] Getting the most recent active application (out of 1 total items)
    t =   902.79s Find the Application 'com.zhiliaoapp.musically'
    t =   902.80s     Requesting snapshot of accessibility hierarchy for app with pid 3371
    t =   902.87s Find the Application 'com.zhiliaoapp.musically'
    t =   902.88s     Requesting snapshot of accessibility hierarchy for app with pid 3371
    t =   902.95s Find the Application 'com.zhiliaoapp.musically'
    t =   902.95s     Requesting snapshot of accessibility hierarchy for app with pid 3371
    t =   903.01s Find the Application 'com.zhiliaoapp.musically'
    t =   903.02s     Requesting snapshot of accessibility hierarchy for app with pid 3371
2026-08-22 00:41:06.961198+0200 WebDriverAgentRunner-Runner[3383:536655] Getting the most recent active application (out of 1 total items)
    t =   911.58s Find the Application 'com.zhiliaoapp.musically'
    t =   911.59s     Requesting snapshot of accessibility hierarchy for app with pid 3371
    t =   911.64s Find the Application 'com.zhiliaoapp.musically'
    t =   911.65s     Requesting snapshot of accessibility hierarchy for app with pid 3371
    t =   911.69s Find the Application 'com.zhiliaoapp.musically'
    t =   911.69s     Requesting snapshot of accessibility hierarchy for app with pid 3371
    t =   911.72s Find the Application 'com.zhiliaoapp.musically'
    t =   911.72s     Requesting snapshot of accessibility hierarchy for app with pid 3371
2026-08-22 00:41:08.108176+0200 WebDriverAgentRunner-Runner[3383:536655] Getting the most recent active application (out of 1 total items)
    t =   912.72s Find the Application 'com.zhiliaoapp.musically'
    t =   912.74s     Requesting snapshot of accessibility hierarchy for app with pid 3371
    t =   912.84s Find the Application 'com.zhiliaoapp.musically'
    t =   912.84s     Requesting snapshot of accessibility hierarchy for app with pid 3371
    t =   912.87s Find the Application 'com.zhiliaoapp.musically'
    t =   912.87s     Requesting snapshot of accessibility hierarchy for app with pid 3371
    t =   912.89s Find the Application 'com.zhiliaoapp.musically'
    t =   912.89s     Requesting snapshot of accessibility hierarchy for app with pid 3371
    t =   925.42s Device orientation changed to Portrait
    t =   925.43s Device orientation changed to Face Up
2026-08-22 00:41:20.835973+0200 WebDriverAgentRunner-Runner[3383:536655] Getting the most recent active application (out of 1 total items)
    t =   925.45s Find the Application 'com.zhiliaoapp.musically'
    t =   925.46s     Requesting snapshot of accessibility hierarchy for app with pid 3371
    t =   925.54s Find the Application 'com.zhiliaoapp.musically'
    t =   925.54s     Requesting snapshot of accessibility hierarchy for app with pid 3371
    t =   925.60s Find the Application 'com.zhiliaoapp.musically'
    t =   925.61s     Requesting snapshot of accessibility hierarchy for app with pid 3371
    t =   925.66s Find the Application 'com.zhiliaoapp.musically'
    t =   925.66s     Requesting snapshot of accessibility hierarchy for app with pid 3371
2026-08-22 00:41:21.897546+0200 WebDriverAgentRunner-Runner[3383:536655] Getting the most recent active application (out of 1 total items)
    t =   926.51s Find the Application 'com.zhiliaoapp.musically'
    t =   926.52s     Requesting snapshot of accessibility hierarchy for app with pid 3371
    t =   926.59s Find the Application 'com.zhiliaoapp.musically'
    t =   926.59s     Requesting snapshot of accessibility hierarchy for app with pid 3371
    t =   926.66s Find the Application 'com.zhiliaoapp.musically'
    t =   926.67s     Requesting snapshot of accessibility hierarchy for app with pid 3371
    t =   926.73s Find the Application 'com.zhiliaoapp.musically'
    t =   926.73s     Requesting snapshot of accessibility hierarchy for app with pid 3371
2026-08-22 00:41:25.554794+0200 WebDriverAgentRunner-Runner[3383:536655] Getting the most recent active application (out of 1 total items)
    t =   930.17s Find the Application 'com.zhiliaoapp.musically'
    t =   930.17s     Requesting snapshot of accessibility hierarchy for app with pid 3371
    t =   930.25s Find the Application 'com.zhiliaoapp.musically'
    t =   930.25s     Requesting snapshot of accessibility hierarchy for app with pid 3371
    t =   930.32s Find the Application 'com.zhiliaoapp.musically'
    t =   930.32s     Requesting snapshot of accessibility hierarchy for app with pid 3371
    t =   930.38s Find the Application 'com.zhiliaoapp.musically'
    t =   930.38s     Requesting snapshot of accessibility hierarchy for app with pid 3371
2026-08-22 00:41:32.415494+0200 WebDriverAgentRunner-Runner[3383:536655] Getting the most recent active application (out of 1 total items)
    t =   937.03s Find the Application 'com.zhiliaoapp.musically'
    t =   937.04s     Requesting snapshot of accessibility hierarchy for app with pid 3371
    t =   937.11s Find the Application 'com.zhiliaoapp.musically'
    t =   937.11s     Requesting snapshot of accessibility hierarchy for app with pid 3371
    t =   937.16s Find the Application 'com.zhiliaoapp.musically'
    t =   937.17s     Requesting snapshot of accessibility hierarchy for app with pid 3371
    t =   937.21s Find the Application 'com.zhiliaoapp.musically'
    t =   937.21s     Requesting snapshot of accessibility hierarchy for app with pid 3371
2026-08-22 00:41:52.900636+0200 WebDriverAgentRunner-Runner[3383:536655] Getting the most recent active application (out of 1 total items)
    t =   957.52s Find the Application 'com.zhiliaoapp.musically'
    t =   957.52s     Requesting snapshot of accessibility hierarchy for app with pid 3371
    t =   957.59s Find the Application 'com.zhiliaoapp.musically'
    t =   957.60s     Requesting snapshot of accessibility hierarchy for app with pid 3371
    t =   957.67s Find the Application 'com.zhiliaoapp.musically'
    t =   957.67s     Requesting snapshot of accessibility hierarchy for app with pid 3371
    t =   957.72s Find the Application 'com.zhiliaoapp.musically'
    t =   957.72s     Requesting snapshot of accessibility hierarchy for app with pid 3371
2026-08-22 00:42:01.893483+0200 WebDriverAgentRunner-Runner[3383:536655] Getting the most recent active application (out of 1 total items)
    t =   966.51s Find the Application 'com.zhiliaoapp.musically'
    t =   966.52s     Requesting snapshot of accessibility hierarchy for app with pid 3371
    t =   966.59s Find the Application 'com.zhiliaoapp.musically'
    t =   966.60s     Requesting snapshot of accessibility hierarchy for app with pid 3371
    t =   966.66s Find the Application 'com.zhiliaoapp.musically'
    t =   966.66s     Requesting snapshot of accessibility hierarchy for app with pid 3371
    t =   966.71s Find the Application 'com.zhiliaoapp.musically'
    t =   966.71s     Requesting snapshot of accessibility hierarchy for app with pid 3371
2026-08-22 00:42:10.602958+0200 WebDriverAgentRunner-Runner[3383:536655] Getting the most recent active application (out of 1 total items)
    t =   975.22s Find the Application 'com.zhiliaoapp.musically'
    t =   975.22s     Requesting snapshot of accessibility hierarchy for app with pid 3371
    t =   975.29s Find the Application 'com.zhiliaoapp.musically'
    t =   975.29s     Requesting snapshot of accessibility hierarchy for app with pid 3371
    t =   975.36s Find the Application 'com.zhiliaoapp.musically'
    t =   975.37s     Requesting snapshot of accessibility hierarchy for app with pid 3371
    t =   975.41s Find the Application 'com.zhiliaoapp.musically'
    t =   975.42s     Requesting snapshot of accessibility hierarchy for app with pid 3371
2026-08-22 00:42:22.007119+0200 WebDriverAgentRunner-Runner[3383:536655] Getting the most recent active application (out of 1 total items)
    t =   986.62s Find the Application 'com.zhiliaoapp.musically'
    t =   986.63s     Requesting snapshot of accessibility hierarchy for app with pid 3371
    t =   986.70s Find the Application 'com.zhiliaoapp.musically'
    t =   986.71s     Requesting snapshot of accessibility hierarchy for app with pid 3371
    t =   986.78s Find the Application 'com.zhiliaoapp.musically'
    t =   986.79s     Requesting snapshot of accessibility hierarchy for app with pid 3371
    t =   986.85s Find the Application 'com.zhiliaoapp.musically'
    t =   986.85s     Requesting snapshot of accessibility hierarchy for app with pid 3371
2026-08-22 00:42:28.190992+0200 WebDriverAgentRunner-Runner[3383:536655] Getting the most recent active application (out of 1 total items)
    t =   992.81s Find the Application 'com.zhiliaoapp.musically'
    t =   992.81s     Requesting snapshot of accessibility hierarchy for app with pid 3371
    t =   992.85s Find the Application 'com.zhiliaoapp.musically'
    t =   992.85s     Requesting snapshot of accessibility hierarchy for app with pid 3371
    t =   992.88s Find the Application 'com.zhiliaoapp.musically'
    t =   992.88s     Requesting snapshot of accessibility hierarchy for app with pid 3371
    t =   992.91s Find the Application 'com.zhiliaoapp.musically'
    t =   992.92s     Requesting snapshot of accessibility hierarchy for app with pid 3371
2026-08-22 00:42:29.360840+0200 WebDriverAgentRunner-Runner[3383:536655] Getting the most recent active application (out of 1 total items)
    t =   993.98s Find the Application 'com.zhiliaoapp.musically'
    t =   993.98s     Requesting snapshot of accessibility hierarchy for app with pid 3371
    t =   994.05s Find the Application 'com.zhiliaoapp.musically'
    t =   994.05s     Requesting snapshot of accessibility hierarchy for app with pid 3371
    t =   994.08s Find the Application 'com.zhiliaoapp.musically'
    t =   994.09s     Requesting snapshot of accessibility hierarchy for app with pid 3371
    t =   994.11s Find the Application 'com.zhiliaoapp.musically'
    t =   994.12s     Requesting snapshot of accessibility hierarchy for app with pid 3371
2026-08-22 00:42:33.683997+0200 WebDriverAgentRunner-Runner[3383:536655] Getting the most recent active application (out of 1 total items)
    t =   998.30s Find the Application 'com.zhiliaoapp.musically'
    t =   998.31s     Requesting snapshot of accessibility hierarchy for app with pid 3371
    t =   998.38s Find the Application 'com.zhiliaoapp.musically'
    t =   998.39s     Requesting snapshot of accessibility hierarchy for app with pid 3371
    t =   998.45s Find the Application 'com.zhiliaoapp.musically'
    t =   998.46s     Requesting snapshot of accessibility hierarchy for app with pid 3371
    t =   998.52s Find the Application 'com.zhiliaoapp.musically'
    t =   998.52s     Requesting snapshot of accessibility hierarchy for app with pid 3371
2026-08-22 00:42:39.669112+0200 WebDriverAgentRunner-Runner[3383:536655] Getting the most recent active application (out of 1 total items)
    t =  1004.28s Find the Application 'com.zhiliaoapp.musically'
    t =  1004.29s     Requesting snapshot of accessibility hierarchy for app with pid 3371
    t =  1004.37s Find the Application 'com.zhiliaoapp.musically'
    t =  1004.37s     Requesting snapshot of accessibility hierarchy for app with pid 3371
2026-08-22 00:42:42.252095+0200 WebDriverAgentRunner-Runner[3383:536655] Getting the most recent active application (out of 1 total items)
    t =  1006.86s Get all elements bound by accessibility element for: Descendants matching type TextView
    t =  1006.88s     Requesting snapshot of accessibility hierarchy for app with pid 3371
    t =  1006.94s     Find: Descendants matching type TextView
    t =  1006.97s Pressing Home button
    t =  1007.97s Open com.zhiliaoapp.musically
    t =  1007.97s     Activate com.zhiliaoapp.musically
2026-08-22 00:42:43.396351+0200 WebDriverAgentRunner-Runner[3383:536655] Quiescence checks are disabled for com.zhiliaoapp.musically application. Making it to believe it is idling
2026-08-22 00:42:43.428605+0200 WebDriverAgentRunner-Runner[3383:536655] Getting the most recent active application (out of 1 total items)
    t =  1008.04s Find the Application 'com.zhiliaoapp.musically'
    t =  1008.04s     Requesting snapshot of accessibility hierarchy for app with pid 3371
    t =  1008.61s Find the Application 'com.zhiliaoapp.musically'
    t =  1008.61s     Requesting snapshot of accessibility hierarchy for app with pid 3371
    t =  1008.63s Find the Application 'com.zhiliaoapp.musically'
    t =  1008.64s     Requesting snapshot of accessibility hierarchy for app with pid 3371
    t =  1008.66s Find the Application 'com.zhiliaoapp.musically'
    t =  1008.66s     Requesting snapshot of accessibility hierarchy for app with pid 3371
2026-08-22 00:42:57.274813+0200 WebDriverAgentRunner-Runner[3383:536655] Getting the most recent active application (out of 1 total items)
    t =  1021.89s Find the Application 'com.zhiliaoapp.musically'
    t =  1021.89s     Requesting snapshot of accessibility hierarchy for app with pid 3371
    t =  1021.97s Find the Application 'com.zhiliaoapp.musically'
    t =  1021.97s     Requesting snapshot of accessibility hierarchy for app with pid 3371
    t =  1022.05s Find the Application 'com.zhiliaoapp.musically'
    t =  1022.05s     Requesting snapshot of accessibility hierarchy for app with pid 3371
    t =  1022.11s Find the Application 'com.zhiliaoapp.musically'
    t =  1022.11s     Requesting snapshot of accessibility hierarchy for app with pid 3371
2026-08-22 00:43:11.237426+0200 WebDriverAgentRunner-Runner[3383:536655] Getting the most recent active application (out of 1 total items)
    t =  1035.85s Find the Application 'com.zhiliaoapp.musically'
    t =  1035.85s     Requesting snapshot of accessibility hierarchy for app with pid 3371
    t =  1035.92s Find the Application 'com.zhiliaoapp.musically'
    t =  1035.92s     Requesting snapshot of accessibility hierarchy for app with pid 3371
    t =  1035.96s Find the Application 'com.zhiliaoapp.musically'
    t =  1035.96s     Requesting snapshot of accessibility hierarchy for app with pid 3371
    t =  1035.99s Find the Application 'com.zhiliaoapp.musically'
    t =  1036.00s     Requesting snapshot of accessibility hierarchy for app with pid 3371
2026-08-22 00:43:17.044292+0200 WebDriverAgentRunner-Runner[3383:536655] Getting the most recent active application (out of 1 total items)
    t =  1041.66s Find the Application 'com.zhiliaoapp.musically'
    t =  1041.67s     Requesting snapshot of accessibility hierarchy for app with pid 3371
    t =  1041.74s Find the Application 'com.zhiliaoapp.musically'
    t =  1041.75s     Requesting snapshot of accessibility hierarchy for app with pid 3371
    t =  1041.78s Find the Application 'com.zhiliaoapp.musically'
    t =  1041.78s     Requesting snapshot of accessibility hierarchy for app with pid 3371
    t =  1041.81s Find the Application 'com.zhiliaoapp.musically'
    t =  1041.81s     Requesting snapshot of accessibility hierarchy for app with pid 3371
2026-08-22 00:43:20.736785+0200 WebDriverAgentRunner-Runner[3383:536655] Getting the most recent active application (out of 1 total items)
    t =  1045.35s Find the Application 'com.zhiliaoapp.musically'
    t =  1045.35s     Requesting snapshot of accessibility hierarchy for app with pid 3371
    t =  1045.41s Find the Application 'com.zhiliaoapp.musically'
    t =  1045.41s     Requesting snapshot of accessibility hierarchy for app with pid 3371
    t =  1045.49s Find the Application 'com.zhiliaoapp.musically'
    t =  1045.49s     Requesting snapshot of accessibility hierarchy for app with pid 3371
    t =  1045.55s Find the Application 'com.zhiliaoapp.musically'
    t =  1045.55s     Requesting snapshot of accessibility hierarchy for app with pid 3371
2026-08-22 00:43:24.822519+0200 WebDriverAgentRunner-Runner[3383:536655] Getting the most recent active application (out of 1 total items)
    t =  1049.44s Find the Application 'com.zhiliaoapp.musically'
    t =  1049.45s     Requesting snapshot of accessibility hierarchy for app with pid 3371
    t =  1049.52s Find the Application 'com.zhiliaoapp.musically'
    t =  1049.52s     Requesting snapshot of accessibility hierarchy for app with pid 3371
    t =  1049.59s Find the Application 'com.zhiliaoapp.musically'
    t =  1049.60s     Requesting snapshot of accessibility hierarchy for app with pid 3371
    t =  1049.65s Find the Application 'com.zhiliaoapp.musically'
    t =  1049.66s     Requesting snapshot of accessibility hierarchy for app with pid 3371
2026-08-22 00:43:33.361291+0200 WebDriverAgentRunner-Runner[3383:536655] Getting the most recent active application (out of 1 total items)
    t =  1057.98s Find the Application 'com.zhiliaoapp.musically'
    t =  1057.99s     Requesting snapshot of accessibility hierarchy for app with pid 3371
    t =  1058.06s Find the Application 'com.zhiliaoapp.musically'
    t =  1058.07s     Requesting snapshot of accessibility hierarchy for app with pid 3371
2026-08-22 00:43:36.583352+0200 WebDriverAgentRunner-Runner[3383:536655] Getting the most recent active application (out of 1 total items)
    t =  1061.19s Get all elements bound by accessibility element for: Descendants matching type TextView
    t =  1061.21s     Requesting snapshot of accessibility hierarchy for app with pid 3371
    t =  1061.28s     Find: Descendants matching type TextView
    t =  1061.31s Pressing Home button
    t =  1062.32s Open com.zhiliaoapp.musically
    t =  1062.32s     Activate com.zhiliaoapp.musically
2026-08-22 00:43:37.751129+0200 WebDriverAgentRunner-Runner[3383:536655] Quiescence checks are disabled for com.zhiliaoapp.musically application. Making it to believe it is idling
2026-08-22 00:43:37.781351+0200 WebDriverAgentRunner-Runner[3383:536655] Getting the most recent active application (out of 1 total items)
    t =  1062.39s Find the Application 'com.zhiliaoapp.musically'
    t =  1062.39s     Requesting snapshot of accessibility hierarchy for app with pid 3371
    t =  1062.99s Find the Application 'com.zhiliaoapp.musically'
    t =  1063.00s     Requesting snapshot of accessibility hierarchy for app with pid 3371
    t =  1063.02s Find the Application 'com.zhiliaoapp.musically'
    t =  1063.02s     Requesting snapshot of accessibility hierarchy for app with pid 3371
    t =  1063.05s Find the Application 'com.zhiliaoapp.musically'
    t =  1063.06s     Requesting snapshot of accessibility hierarchy for app with pid 3371
2026-08-22 00:43:48.927711+0200 WebDriverAgentRunner-Runner[3383:536655] Getting the most recent active application (out of 1 total items)
    t =  1073.54s Find the Application 'com.zhiliaoapp.musically'
    t =  1073.55s     Requesting snapshot of accessibility hierarchy for app with pid 3371
    t =  1073.59s Find the Application 'com.zhiliaoapp.musically'
    t =  1073.59s     Requesting snapshot of accessibility hierarchy for app with pid 3371
    t =  1073.62s Find the Application 'com.zhiliaoapp.musically'
    t =  1073.62s     Requesting snapshot of accessibility hierarchy for app with pid 3371
    t =  1073.64s Find the Application 'com.zhiliaoapp.musically'
    t =  1073.65s     Requesting snapshot of accessibility hierarchy for app with pid 3371
2026-08-22 00:44:10.672097+0200 WebDriverAgentRunner-Runner[3383:536655] Getting the most recent active application (out of 1 total items)
    t =  1095.29s Find the Application 'com.zhiliaoapp.musically'
    t =  1095.29s     Requesting snapshot of accessibility hierarchy for app with pid 3371
    t =  1095.37s Find the Application 'com.zhiliaoapp.musically'
    t =  1095.37s     Requesting snapshot of accessibility hierarchy for app with pid 3371
    t =  1095.45s Find the Application 'com.zhiliaoapp.musically'
    t =  1095.45s     Requesting snapshot of accessibility hierarchy for app with pid 3371
    t =  1095.52s Find the Application 'com.zhiliaoapp.musically'
    t =  1095.52s     Requesting snapshot of accessibility hierarchy for app with pid 3371
    t =  1103.78s Terminate com.apple.Preferences:3401
    t =  1150.68s Open com.apple.Preferences
    t =  1150.69s     Launch com.apple.Preferences
    t =  1150.85s         Setting up automation session
2026-08-22 00:45:06.363138+0200 WebDriverAgentRunner-Runner[3383:536655] Quiescence checks are disabled for com.apple.Preferences application. Making it to believe it is idling
    t =  1152.04s Find the Application 'com.apple.Preferences'
    t =  1152.05s     Requesting snapshot of accessibility hierarchy for app with pid 3411
    t =  1152.24s Pressing Home button
    t =  1153.82s Open com.zhiliaoapp.musically
    t =  1153.83s     Activate com.zhiliaoapp.musically
2026-08-22 00:45:09.344307+0200 WebDriverAgentRunner-Runner[3383:536655] Quiescence checks are disabled for com.zhiliaoapp.musically application. Making it to believe it is idling
2026-08-22 00:45:12.417473+0200 WebDriverAgentRunner-Runner[3383:536655] Getting the most recent active application (out of 1 total items)
    t =  1157.03s Find the Application 'com.zhiliaoapp.musically'
    t =  1157.04s     Requesting snapshot of accessibility hierarchy for app with pid 3371
    t =  1157.12s Find the Application 'com.zhiliaoapp.musically'
    t =  1157.12s     Requesting snapshot of accessibility hierarchy for app with pid 3371
2026-08-22 00:45:13.974495+0200 WebDriverAgentRunner-Runner[3383:536655] Getting the most recent active application (out of 1 total items)
    t =  1158.59s Find the Application 'com.zhiliaoapp.musically'
    t =  1158.59s     Requesting snapshot of accessibility hierarchy for app with pid 3371
    t =  1158.67s Find the Application 'com.zhiliaoapp.musically'
    t =  1158.67s     Requesting snapshot of accessibility hierarchy for app with pid 3371
    t =  1158.74s Find the Application 'com.zhiliaoapp.musically'
    t =  1158.74s     Requesting snapshot of accessibility hierarchy for app with pid 3371
    t =  1158.80s Find the Application 'com.zhiliaoapp.musically'
    t =  1158.81s     Requesting snapshot of accessibility hierarchy for app with pid 3371
2026-08-22 00:45:25.990167+0200 WebDriverAgentRunner-Runner[3383:536655] Getting the most recent active application (out of 1 total items)
    t =  1170.60s Find the Application 'com.zhiliaoapp.musically'
    t =  1170.61s     Requesting snapshot of accessibility hierarchy for app with pid 3371
    t =  1170.69s Find the Application 'com.zhiliaoapp.musically'
    t =  1170.69s     Requesting snapshot of accessibility hierarchy for app with pid 3371
    t =  1170.76s Find the Application 'com.zhiliaoapp.musically'
    t =  1170.77s     Requesting snapshot of accessibility hierarchy for app with pid 3371
    t =  1170.83s Find the Application 'com.zhiliaoapp.musically'
    t =  1170.83s     Requesting snapshot of accessibility hierarchy for app with pid 3371
2026-08-22 00:45:46.737811+0200 WebDriverAgentRunner-Runner[3383:536655] Getting the most recent active application (out of 1 total items)
    t =  1191.35s Find the Application 'com.zhiliaoapp.musically'
    t =  1191.36s     Requesting snapshot of accessibility hierarchy for app with pid 3371
    t =  1191.44s Find the Application 'com.zhiliaoapp.musically'
    t =  1191.44s     Requesting snapshot of accessibility hierarchy for app with pid 3371
    t =  1191.52s Find the Application 'com.zhiliaoapp.musically'
    t =  1191.52s     Requesting snapshot of accessibility hierarchy for app with pid 3371
    t =  1191.58s Find the Application 'com.zhiliaoapp.musically'
    t =  1191.58s     Requesting snapshot of accessibility hierarchy for app with pid 3371
2026-08-22 00:46:02.628293+0200 WebDriverAgentRunner-Runner[3383:536655] Getting the most recent active application (out of 1 total items)
    t =  1207.24s Find the Application 'com.zhiliaoapp.musically'
    t =  1207.25s     Requesting snapshot of accessibility hierarchy for app with pid 3371
    t =  1207.32s Find the Application 'com.zhiliaoapp.musically'
    t =  1207.33s     Requesting snapshot of accessibility hierarchy for app with pid 3371
    t =  1207.40s Find the Application 'com.zhiliaoapp.musically'
    t =  1207.41s     Requesting snapshot of accessibility hierarchy for app with pid 3371
    t =  1207.47s Find the Application 'com.zhiliaoapp.musically'
    t =  1207.47s     Requesting snapshot of accessibility hierarchy for app with pid 3371
2026-08-22 00:46:10.969057+0200 WebDriverAgentRunner-Runner[3383:536655] Getting the most recent active application (out of 1 total items)
    t =  1215.59s Find the Application 'com.zhiliaoapp.musically'
    t =  1215.59s     Requesting snapshot of accessibility hierarchy for app with pid 3371
    t =  1215.67s Find the Application 'com.zhiliaoapp.musically'
    t =  1215.68s     Requesting snapshot of accessibility hierarchy for app with pid 3371
    t =  1215.75s Find the Application 'com.zhiliaoapp.musically'
    t =  1215.75s     Requesting snapshot of accessibility hierarchy for app with pid 3371
    t =  1215.81s Find the Application 'com.zhiliaoapp.musically'
    t =  1215.82s     Requesting snapshot of accessibility hierarchy for app with pid 3371
2026-08-22 00:46:17.047093+0200 WebDriverAgentRunner-Runner[3383:536655] Getting the most recent active application (out of 1 total items)
    t =  1221.66s Find the Application 'com.zhiliaoapp.musically'
    t =  1221.67s     Requesting snapshot of accessibility hierarchy for app with pid 3371
    t =  1221.73s Find the Application 'com.zhiliaoapp.musically'
    t =  1221.74s     Requesting snapshot of accessibility hierarchy for app with pid 3371
    t =  1221.81s Find the Application 'com.zhiliaoapp.musically'
    t =  1221.81s     Requesting snapshot of accessibility hierarchy for app with pid 3371
    t =  1221.87s Find the Application 'com.zhiliaoapp.musically'
    t =  1221.88s     Requesting snapshot of accessibility hierarchy for app with pid 3371
2026-08-22 00:46:26.534218+0200 WebDriverAgentRunner-Runner[3383:536655] Getting the most recent active application (out of 1 total items)
    t =  1231.15s Find the Application 'com.zhiliaoapp.musically'
    t =  1231.15s     Requesting snapshot of accessibility hierarchy for app with pid 3371
    t =  1231.23s Find the Application 'com.zhiliaoapp.musically'
    t =  1231.24s     Requesting snapshot of accessibility hierarchy for app with pid 3371
    t =  1231.32s Find the Application 'com.zhiliaoapp.musically'
    t =  1231.32s     Requesting snapshot of accessibility hierarchy for app with pid 3371
    t =  1231.38s Find the Application 'com.zhiliaoapp.musically'
    t =  1231.39s     Requesting snapshot of accessibility hierarchy for app with pid 3371
2026-08-22 00:46:54.152136+0200 WebDriverAgentRunner-Runner[3383:536655] Getting the most recent active application (out of 1 total items)
    t =  1258.77s Find the Application 'com.zhiliaoapp.musically'
    t =  1258.78s     Requesting snapshot of accessibility hierarchy for app with pid 3371
    t =  1258.86s Find the Application 'com.zhiliaoapp.musically'
    t =  1258.86s     Requesting snapshot of accessibility hierarchy for app with pid 3371
    t =  1258.93s Find the Application 'com.zhiliaoapp.musically'
    t =  1258.94s     Requesting snapshot of accessibility hierarchy for app with pid 3371
    t =  1258.99s Find the Application 'com.zhiliaoapp.musically'
    t =  1259.00s     Requesting snapshot of accessibility hierarchy for app with pid 3371
2026-08-22 00:47:03.822356+0200 WebDriverAgentRunner-Runner[3383:536655] Getting the most recent active application (out of 1 total items)
    t =  1268.44s Find the Application 'com.zhiliaoapp.musically'
    t =  1268.45s     Requesting snapshot of accessibility hierarchy for app with pid 3371
    t =  1268.53s Find the Application 'com.zhiliaoapp.musically'
    t =  1268.53s     Requesting snapshot of accessibility hierarchy for app with pid 3371
    t =  1268.61s Find the Application 'com.zhiliaoapp.musically'
    t =  1268.62s     Requesting snapshot of accessibility hierarchy for app with pid 3371
    t =  1268.67s Find the Application 'com.zhiliaoapp.musically'
    t =  1268.68s     Requesting snapshot of accessibility hierarchy for app with pid 3371
2026-08-22 00:47:20.854349+0200 WebDriverAgentRunner-Runner[3383:536655] Getting the most recent active application (out of 1 total items)
    t =  1285.47s Find the Application 'com.zhiliaoapp.musically'
    t =  1285.48s     Requesting snapshot of accessibility hierarchy for app with pid 3371
    t =  1285.55s Find the Application 'com.zhiliaoapp.musically'
    t =  1285.56s     Requesting snapshot of accessibility hierarchy for app with pid 3371
    t =  1285.62s Find the Application 'com.zhiliaoapp.musically'
    t =  1285.62s     Requesting snapshot of accessibility hierarchy for app with pid 3371
    t =  1285.68s Find the Application 'com.zhiliaoapp.musically'
    t =  1285.68s     Requesting snapshot of accessibility hierarchy for app with pid 3371
2026-08-22 00:47:24.815773+0200 WebDriverAgentRunner-Runner[3383:536655] Getting the most recent active application (out of 1 total items)
    t =  1289.43s Find the Application 'com.zhiliaoapp.musically'
    t =  1289.44s     Requesting snapshot of accessibility hierarchy for app with pid 3371
    t =  1289.51s Find the Application 'com.zhiliaoapp.musically'
    t =  1289.52s     Requesting snapshot of accessibility hierarchy for app with pid 3371
2026-08-22 00:47:28.370821+0200 WebDriverAgentRunner-Runner[3383:536655] Getting the most recent active application (out of 1 total items)
    t =  1292.98s Get all elements bound by accessibility element for: Descendants matching type TextView
    t =  1292.99s     Requesting snapshot of accessibility hierarchy for app with pid 3371
    t =  1293.04s     Find: Descendants matching type TextView
    t =  1293.07s Pressing Home button
    t =  1294.07s Open com.zhiliaoapp.musically
    t =  1294.08s     Activate com.zhiliaoapp.musically
2026-08-22 00:47:29.514075+0200 WebDriverAgentRunner-Runner[3383:536655] Quiescence checks are disabled for com.zhiliaoapp.musically application. Making it to believe it is idling
2026-08-22 00:47:29.602335+0200 WebDriverAgentRunner-Runner[3383:536655] Getting the most recent active application (out of 1 total items)
    t =  1294.22s Find the Application 'com.zhiliaoapp.musically'
    t =  1294.23s     Requesting snapshot of accessibility hierarchy for app with pid 3371
    t =  1294.25s Find the Application 'com.zhiliaoapp.musically'
    t =  1294.25s     Requesting snapshot of accessibility hierarchy for app with pid 3371
    t =  1294.27s Find the Application 'com.zhiliaoapp.musically'
    t =  1294.27s     Requesting snapshot of accessibility hierarchy for app with pid 3371
    t =  1294.29s Find the Application 'com.zhiliaoapp.musically'
    t =  1294.29s     Requesting snapshot of accessibility hierarchy for app with pid 3371
2026-08-22 00:47:36.521181+0200 WebDriverAgentRunner-Runner[3383:536655] Getting the most recent active application (out of 1 total items)
    t =  1301.14s Find the Application 'com.zhiliaoapp.musically'
    t =  1301.14s     Requesting snapshot of accessibility hierarchy for app with pid 3371
    t =  1301.18s Find the Application 'com.zhiliaoapp.musically'
    t =  1301.19s     Requesting snapshot of accessibility hierarchy for app with pid 3371
2026-08-22 00:47:37.715449+0200 WebDriverAgentRunner-Runner[3383:536655] Getting the most recent active application (out of 1 total items)
    t =  1302.33s Find the Application 'com.zhiliaoapp.musically'
    t =  1302.34s     Requesting snapshot of accessibility hierarchy for app with pid 3371
    t =  1302.42s Find the Application 'com.zhiliaoapp.musically'
    t =  1302.42s     Requesting snapshot of accessibility hierarchy for app with pid 3371
    t =  1302.59s Find the Application 'com.zhiliaoapp.musically'
    t =  1302.59s     Requesting snapshot of accessibility hierarchy for app with pid 3371
    t =  1302.64s Find the Application 'com.zhiliaoapp.musically'
    t =  1302.65s     Requesting snapshot of accessibility hierarchy for app with pid 3371
2026-08-22 00:47:43.978655+0200 WebDriverAgentRunner-Runner[3383:536655] Getting the most recent active application (out of 1 total items)
    t =  1308.59s Find the Application 'com.zhiliaoapp.musically'
    t =  1308.60s     Requesting snapshot of accessibility hierarchy for app with pid 3371
    t =  1308.71s Find the Application 'com.zhiliaoapp.musically'
    t =  1308.71s     Requesting snapshot of accessibility hierarchy for app with pid 3371
    t =  1308.82s Find the Application 'com.zhiliaoapp.musically'
    t =  1308.82s     Requesting snapshot of accessibility hierarchy for app with pid 3371
    t =  1308.90s Find the Application 'com.zhiliaoapp.musically'
    t =  1308.91s     Requesting snapshot of accessibility hierarchy for app with pid 3371
2026-08-22 00:47:50.082805+0200 WebDriverAgentRunner-Runner[3383:536655] Getting the most recent active application (out of 1 total items)
    t =  1314.70s Find the Application 'com.zhiliaoapp.musically'
    t =  1314.70s     Requesting snapshot of accessibility hierarchy for app with pid 3371
    t =  1314.82s Find the Application 'com.zhiliaoapp.musically'
    t =  1314.82s     Requesting snapshot of accessibility hierarchy for app with pid 3371
2026-08-22 00:47:51.595761+0200 WebDriverAgentRunner-Runner[3383:536655] Getting the most recent active application (out of 1 total items)
    t =  1316.21s Find the Application 'com.zhiliaoapp.musically'
    t =  1316.22s     Requesting snapshot of accessibility hierarchy for app with pid 3371
    t =  1316.26s Find the Application 'com.zhiliaoapp.musically'
    t =  1316.26s     Requesting snapshot of accessibility hierarchy for app with pid 3371
    t =  1316.31s Find the Application 'com.zhiliaoapp.musically'
    t =  1316.32s     Requesting snapshot of accessibility hierarchy for app with pid 3371
    t =  1316.36s Find the Application 'com.zhiliaoapp.musically'
    t =  1316.36s     Requesting snapshot of accessibility hierarchy for app with pid 3371
    t =  1334.25s Device orientation changed to Portrait
2026-08-22 00:48:09.663022+0200 WebDriverAgentRunner-Runner[3383:536655] Getting the most recent active application (out of 1 total items)
    t =  1334.28s Find the Application 'com.zhiliaoapp.musically'
    t =  1334.29s     Requesting snapshot of accessibility hierarchy for app with pid 3371
    t =  1334.34s Find the Application 'com.zhiliaoapp.musically'
    t =  1334.34s     Requesting snapshot of accessibility hierarchy for app with pid 3371
2026-08-22 00:48:10.637719+0200 WebDriverAgentRunner-Runner[3383:536655] Getting the most recent active application (out of 1 total items)
    t =  1335.25s Find the Application 'com.zhiliaoapp.musically'
    t =  1335.26s     Requesting snapshot of accessibility hierarchy for app with pid 3371
    t =  1335.37s Find the Application 'com.zhiliaoapp.musically'
    t =  1335.37s     Requesting snapshot of accessibility hierarchy for app with pid 3371
    t =  1335.47s Find the Application 'com.zhiliaoapp.musically'
    t =  1335.48s     Requesting snapshot of accessibility hierarchy for app with pid 3371
    t =  1335.57s Find the Application 'com.zhiliaoapp.musically'
    t =  1335.57s     Requesting snapshot of accessibility hierarchy for app with pid 3371
2026-08-22 00:48:16.701112+0200 WebDriverAgentRunner-Runner[3383:536655] Getting the most recent active application (out of 1 total items)
    t =  1341.32s Find the Application 'com.zhiliaoapp.musically'
    t =  1341.32s     Requesting snapshot of accessibility hierarchy for app with pid 3371
    t =  1341.42s Find the Application 'com.zhiliaoapp.musically'
    t =  1341.42s     Requesting snapshot of accessibility hierarchy for app with pid 3371
2026-08-22 00:48:17.975235+0200 WebDriverAgentRunner-Runner[3383:536655] Getting the most recent active application (out of 1 total items)
    t =  1342.59s Find the Application 'com.zhiliaoapp.musically'
    t =  1342.60s     Requesting snapshot of accessibility hierarchy for app with pid 3371
    t =  1342.71s Find the Application 'com.zhiliaoapp.musically'
    t =  1342.71s     Requesting snapshot of accessibility hierarchy for app with pid 3371
    t =  1342.80s Find the Application 'com.zhiliaoapp.musically'
    t =  1342.81s     Requesting snapshot of accessibility hierarchy for app with pid 3371
    t =  1342.88s Find the Application 'com.zhiliaoapp.musically'
    t =  1342.89s     Requesting snapshot of accessibility hierarchy for app with pid 3371
2026-08-22 00:48:23.179068+0200 WebDriverAgentRunner-Runner[3383:536655] Getting the most recent active application (out of 1 total items)
    t =  1347.79s Find the Application 'com.zhiliaoapp.musically'
    t =  1347.80s     Requesting snapshot of accessibility hierarchy for app with pid 3371
    t =  1347.92s Find the Application 'com.zhiliaoapp.musically'
    t =  1347.92s     Requesting snapshot of accessibility hierarchy for app with pid 3371
    t =  1348.01s Find the Application 'com.zhiliaoapp.musically'
    t =  1348.01s     Requesting snapshot of accessibility hierarchy for app with pid 3371
    t =  1348.08s Find the Application 'com.zhiliaoapp.musically'
    t =  1348.08s     Requesting snapshot of accessibility hierarchy for app with pid 3371
    t =  1362.33s Device orientation changed to Face Up
2026-08-22 00:48:37.745901+0200 WebDriverAgentRunner-Runner[3383:536655] Getting the most recent active application (out of 1 total items)
    t =  1362.36s Find the Application 'com.zhiliaoapp.musically'
    t =  1362.37s     Requesting snapshot of accessibility hierarchy for app with pid 3371
    t =  1362.47s Find the Application 'com.zhiliaoapp.musically'
    t =  1362.48s     Requesting snapshot of accessibility hierarchy for app with pid 3371
    t =  1362.58s Find the Application 'com.zhiliaoapp.musically'
    t =  1362.59s     Requesting snapshot of accessibility hierarchy for app with pid 3371
    t =  1362.68s Find the Application 'com.zhiliaoapp.musically'
    t =  1362.68s     Requesting snapshot of accessibility hierarchy for app with pid 3371
2026-08-22 00:48:41.364094+0200 WebDriverAgentRunner-Runner[3383:536655] Getting the most recent active application (out of 1 total items)
    t =  1365.98s Find the Application 'com.zhiliaoapp.musically'
    t =  1365.98s     Requesting snapshot of accessibility hierarchy for app with pid 3371
    t =  1366.10s Find the Application 'com.zhiliaoapp.musically'
    t =  1366.10s     Requesting snapshot of accessibility hierarchy for app with pid 3371
    t =  1366.21s Find the Application 'com.zhiliaoapp.musically'
    t =  1366.22s     Requesting snapshot of accessibility hierarchy for app with pid 3371
    t =  1366.31s Find the Application 'com.zhiliaoapp.musically'
    t =  1366.31s     Requesting snapshot of accessibility hierarchy for app with pid 3371
2026-08-22 00:48:51.369319+0200 WebDriverAgentRunner-Runner[3383:536655] Getting the most recent active application (out of 1 total items)
    t =  1375.98s Find the Application 'com.zhiliaoapp.musically'
    t =  1375.99s     Requesting snapshot of accessibility hierarchy for app with pid 3371
    t =  1376.11s Find the Application 'com.zhiliaoapp.musically'
    t =  1376.11s     Requesting snapshot of accessibility hierarchy for app with pid 3371
2026-08-22 00:48:52.261082+0200 WebDriverAgentRunner-Runner[3383:536655] Getting the most recent active application (out of 1 total items)
    t =  1376.88s Find the Application 'com.zhiliaoapp.musically'
    t =  1376.89s     Requesting snapshot of accessibility hierarchy for app with pid 3371
    t =  1376.97s Find the Application 'com.zhiliaoapp.musically'
    t =  1376.98s     Requesting snapshot of accessibility hierarchy for app with pid 3371
    t =  1377.05s Find the Application 'com.zhiliaoapp.musically'
    t =  1377.05s     Requesting snapshot of accessibility hierarchy for app with pid 3371
    t =  1377.11s Find the Application 'com.zhiliaoapp.musically'
    t =  1377.11s     Requesting snapshot of accessibility hierarchy for app with pid 3371
2026-08-22 00:48:55.865693+0200 WebDriverAgentRunner-Runner[3383:536655] Getting the most recent active application (out of 1 total items)
    t =  1380.48s Find the Application 'com.zhiliaoapp.musically'
    t =  1380.48s     Requesting snapshot of accessibility hierarchy for app with pid 3371
    t =  1380.60s Find the Application 'com.zhiliaoapp.musically'
    t =  1380.60s     Requesting snapshot of accessibility hierarchy for app with pid 3371
    t =  1380.70s Find the Application 'com.zhiliaoapp.musically'
    t =  1380.71s     Requesting snapshot of accessibility hierarchy for app with pid 3371
    t =  1380.78s Find the Application 'com.zhiliaoapp.musically'
    t =  1380.78s     Requesting snapshot of accessibility hierarchy for app with pid 3371
2026-08-22 00:49:03.601904+0200 WebDriverAgentRunner-Runner[3383:536655] Getting the most recent active application (out of 1 total items)
    t =  1388.22s Find the Application 'com.zhiliaoapp.musically'
    t =  1388.23s     Requesting snapshot of accessibility hierarchy for app with pid 3371
    t =  1388.34s Find the Application 'com.zhiliaoapp.musically'
    t =  1388.35s     Requesting snapshot of accessibility hierarchy for app with pid 3371
2026-08-22 00:49:04.857060+0200 WebDriverAgentRunner-Runner[3383:536655] Getting the most recent active application (out of 1 total items)
    t =  1389.47s Find the Application 'com.zhiliaoapp.musically'
    t =  1389.48s     Requesting snapshot of accessibility hierarchy for app with pid 3371
    t =  1389.58s Find the Application 'com.zhiliaoapp.musically'
    t =  1389.58s     Requesting snapshot of accessibility hierarchy for app with pid 3371
    t =  1389.68s Find the Application 'com.zhiliaoapp.musically'
    t =  1389.68s     Requesting snapshot of accessibility hierarchy for app with pid 3371
    t =  1389.75s Find the Application 'com.zhiliaoapp.musically'
    t =  1389.76s     Requesting snapshot of accessibility hierarchy for app with pid 3371
2026-08-22 00:49:08.918641+0200 WebDriverAgentRunner-Runner[3383:536655] Getting the most recent active application (out of 1 total items)
    t =  1393.53s Find the Application 'com.zhiliaoapp.musically'
    t =  1393.54s     Requesting snapshot of accessibility hierarchy for app with pid 3371
    t =  1393.65s Find the Application 'com.zhiliaoapp.musically'
    t =  1393.65s     Requesting snapshot of accessibility hierarchy for app with pid 3371
    t =  1393.75s Find the Application 'com.zhiliaoapp.musically'
    t =  1393.76s     Requesting snapshot of accessibility hierarchy for app with pid 3371
    t =  1393.83s Find the Application 'com.zhiliaoapp.musically'
    t =  1393.83s     Requesting snapshot of accessibility hierarchy for app with pid 3371
2026-08-22 00:49:15.403290+0200 WebDriverAgentRunner-Runner[3383:536655] Getting the most recent active application (out of 1 total items)
    t =  1400.02s Find the Application 'com.zhiliaoapp.musically'
    t =  1400.02s     Requesting snapshot of accessibility hierarchy for app with pid 3371
    t =  1400.13s Find the Application 'com.zhiliaoapp.musically'
    t =  1400.14s     Requesting snapshot of accessibility hierarchy for app with pid 3371
    t =  1400.23s Find the Application 'com.zhiliaoapp.musically'
    t =  1400.24s     Requesting snapshot of accessibility hierarchy for app with pid 3371
    t =  1400.31s Find the Application 'com.zhiliaoapp.musically'
    t =  1400.32s     Requesting snapshot of accessibility hierarchy for app with pid 3371
2026-08-22 00:49:21.422814+0200 WebDriverAgentRunner-Runner[3383:536655] Getting the most recent active application (out of 1 total items)
    t =  1406.04s Find the Application 'com.zhiliaoapp.musically'
    t =  1406.04s     Requesting snapshot of accessibility hierarchy for app with pid 3371
    t =  1406.16s Find the Application 'com.zhiliaoapp.musically'
    t =  1406.16s     Requesting snapshot of accessibility hierarchy for app with pid 3371
    t =  1406.26s Find the Application 'com.zhiliaoapp.musically'
    t =  1406.26s     Requesting snapshot of accessibility hierarchy for app with pid 3371
    t =  1406.35s Find the Application 'com.zhiliaoapp.musically'
    t =  1406.35s     Requesting snapshot of accessibility hierarchy for app with pid 3371
2026-08-22 00:49:26.462968+0200 WebDriverAgentRunner-Runner[3383:536655] Getting the most recent active application (out of 1 total items)
    t =  1411.08s Find the Application 'com.zhiliaoapp.musically'
    t =  1411.09s     Requesting snapshot of accessibility hierarchy for app with pid 3371
    t =  1411.20s Find the Application 'com.zhiliaoapp.musically'
    t =  1411.20s     Requesting snapshot of accessibility hierarchy for app with pid 3371
    t =  1411.31s Find the Application 'com.zhiliaoapp.musically'
    t =  1411.31s     Requesting snapshot of accessibility hierarchy for app with pid 3371
    t =  1411.39s Find the Application 'com.zhiliaoapp.musically'
    t =  1411.39s     Requesting snapshot of accessibility hierarchy for app with pid 3371
2026-08-22 00:49:35.049797+0200 WebDriverAgentRunner-Runner[3383:536655] Getting the most recent active application (out of 1 total items)
    t =  1419.67s Find the Application 'com.zhiliaoapp.musically'
    t =  1419.68s     Requesting snapshot of accessibility hierarchy for app with pid 3371
    t =  1419.73s Find the Application 'com.zhiliaoapp.musically'
    t =  1419.74s     Requesting snapshot of accessibility hierarchy for app with pid 3371
    t =  1419.80s Find the Application 'com.zhiliaoapp.musically'
    t =  1419.80s     Requesting snapshot of accessibility hierarchy for app with pid 3371
    t =  1419.84s Find the Application 'com.zhiliaoapp.musically'
    t =  1419.84s     Requesting snapshot of accessibility hierarchy for app with pid 3371
2026-08-22 00:49:46.824442+0200 WebDriverAgentRunner-Runner[3383:536655] Getting the most recent active application (out of 1 total items)
    t =  1431.44s Find the Application 'com.zhiliaoapp.musically'
    t =  1431.44s     Requesting snapshot of accessibility hierarchy for app with pid 3371
    t =  1431.52s Find the Application 'com.zhiliaoapp.musically'
    t =  1431.53s     Requesting snapshot of accessibility hierarchy for app with pid 3371
    t =  1431.62s Find the Application 'com.zhiliaoapp.musically'
    t =  1431.62s     Requesting snapshot of accessibility hierarchy for app with pid 3371
    t =  1431.68s Find the Application 'com.zhiliaoapp.musically'
    t =  1431.69s     Requesting snapshot of accessibility hierarchy for app with pid 3371
2026-08-22 00:49:50.908223+0200 WebDriverAgentRunner-Runner[3383:536655] Getting the most recent active application (out of 1 total items)
    t =  1435.52s Find the Application 'com.zhiliaoapp.musically'
    t =  1435.52s     Requesting snapshot of accessibility hierarchy for app with pid 3371
    t =  1435.58s Find the Application 'com.zhiliaoapp.musically'
    t =  1435.59s     Requesting snapshot of accessibility hierarchy for app with pid 3371
    t =  1435.66s Find the Application 'com.zhiliaoapp.musically'
    t =  1435.66s     Requesting snapshot of accessibility hierarchy for app with pid 3371
    t =  1435.71s Find the Application 'com.zhiliaoapp.musically'
    t =  1435.71s     Requesting snapshot of accessibility hierarchy for app with pid 3371
2026-08-22 00:49:56.935588+0200 WebDriverAgentRunner-Runner[3383:536655] Getting the most recent active application (out of 1 total items)
    t =  1441.55s Find the Application 'com.zhiliaoapp.musically'
    t =  1441.56s     Requesting snapshot of accessibility hierarchy for app with pid 3371
    t =  1441.64s Find the Application 'com.zhiliaoapp.musically'
    t =  1441.64s     Requesting snapshot of accessibility hierarchy for app with pid 3371
    t =  1441.71s Find the Application 'com.zhiliaoapp.musically'
    t =  1441.71s     Requesting snapshot of accessibility hierarchy for app with pid 3371
    t =  1441.76s Find the Application 'com.zhiliaoapp.musically'
    t =  1441.77s     Requesting snapshot of accessibility hierarchy for app with pid 3371
2026-08-22 00:50:00.259684+0200 WebDriverAgentRunner-Runner[3383:536655] Getting the most recent active application (out of 1 total items)
    t =  1444.88s Find the Application 'com.zhiliaoapp.musically'
    t =  1444.89s     Requesting snapshot of accessibility hierarchy for app with pid 3371
    t =  1444.96s Find the Application 'com.zhiliaoapp.musically'
    t =  1444.96s     Requesting snapshot of accessibility hierarchy for app with pid 3371
    t =  1445.01s Find the Application 'com.zhiliaoapp.musically'
    t =  1445.01s     Requesting snapshot of accessibility hierarchy for app with pid 3371
    t =  1445.06s Find the Application 'com.zhiliaoapp.musically'
    t =  1445.06s     Requesting snapshot of accessibility hierarchy for app with pid 3371
2026-08-22 00:50:14.222882+0200 WebDriverAgentRunner-Runner[3383:536655] Getting the most recent active application (out of 1 total items)
    t =  1458.84s Find the Application 'com.zhiliaoapp.musically'
    t =  1458.85s     Requesting snapshot of accessibility hierarchy for app with pid 3371
    t =  1458.93s Find the Application 'com.zhiliaoapp.musically'
    t =  1458.93s     Requesting snapshot of accessibility hierarchy for app with pid 3371
    t =  1459.01s Find the Application 'com.zhiliaoapp.musically'
    t =  1459.01s     Requesting snapshot of accessibility hierarchy for app with pid 3371
    t =  1459.08s Find the Application 'com.zhiliaoapp.musically'
    t =  1459.08s     Requesting snapshot of accessibility hierarchy for app with pid 3371
2026-08-22 00:50:18.151030+0200 WebDriverAgentRunner-Runner[3383:536655] Getting the most recent active application (out of 1 total items)
    t =  1462.77s Find the Application 'com.zhiliaoapp.musically'
    t =  1462.77s     Requesting snapshot of accessibility hierarchy for app with pid 3371
    t =  1462.85s Find the Application 'com.zhiliaoapp.musically'
    t =  1462.85s     Requesting snapshot of accessibility hierarchy for app with pid 3371
2026-08-22 00:50:19.286269+0200 WebDriverAgentRunner-Runner[3383:536655] Getting the most recent active application (out of 1 total items)
    t =  1463.90s Find the Application 'com.zhiliaoapp.musically'
    t =  1463.91s     Requesting snapshot of accessibility hierarchy for app with pid 3371
    t =  1464.05s Find the Application 'com.zhiliaoapp.musically'
    t =  1464.05s     Requesting snapshot of accessibility hierarchy for app with pid 3371
    t =  1464.16s Find the Application 'com.zhiliaoapp.musically'
    t =  1464.16s     Requesting snapshot of accessibility hierarchy for app with pid 3371
    t =  1464.22s Find the Application 'com.zhiliaoapp.musically'
    t =  1464.22s     Requesting snapshot of accessibility hierarchy for app with pid 3371
2026-08-22 00:50:25.421197+0200 WebDriverAgentRunner-Runner[3383:536655] Getting the most recent active application (out of 1 total items)
    t =  1470.04s Find the Application 'com.zhiliaoapp.musically'
    t =  1470.05s     Requesting snapshot of accessibility hierarchy for app with pid 3371
    t =  1470.16s Find the Application 'com.zhiliaoapp.musically'
    t =  1470.17s     Requesting snapshot of accessibility hierarchy for app with pid 3371
    t =  1470.27s Find the Application 'com.zhiliaoapp.musically'
    t =  1470.27s     Requesting snapshot of accessibility hierarchy for app with pid 3371
    t =  1470.35s Find the Application 'com.zhiliaoapp.musically'
    t =  1470.35s     Requesting snapshot of accessibility hierarchy for app with pid 3371
2026-08-22 00:50:32.442492+0200 WebDriverAgentRunner-Runner[3383:536655] Getting the most recent active application (out of 1 total items)
    t =  1477.06s Find the Application 'com.zhiliaoapp.musically'
    t =  1477.07s     Requesting snapshot of accessibility hierarchy for app with pid 3371
    t =  1477.19s Find the Application 'com.zhiliaoapp.musically'
    t =  1477.19s     Requesting snapshot of accessibility hierarchy for app with pid 3371
    t =  1477.30s Find the Application 'com.zhiliaoapp.musically'
    t =  1477.31s     Requesting snapshot of accessibility hierarchy for app with pid 3371
    t =  1477.40s Find the Application 'com.zhiliaoapp.musically'
    t =  1477.41s     Requesting snapshot of accessibility hierarchy for app with pid 3371
2026-08-22 00:50:38.582495+0200 WebDriverAgentRunner-Runner[3383:536655] Getting the most recent active application (out of 1 total items)
    t =  1483.20s Find the Application 'com.zhiliaoapp.musically'
    t =  1483.21s     Requesting snapshot of accessibility hierarchy for app with pid 3371
    t =  1483.34s Find the Application 'com.zhiliaoapp.musically'
    t =  1483.34s     Requesting snapshot of accessibility hierarchy for app with pid 3371
    t =  1483.45s Find the Application 'com.zhiliaoapp.musically'
    t =  1483.46s     Requesting snapshot of accessibility hierarchy for app with pid 3371
    t =  1483.55s Find the Application 'com.zhiliaoapp.musically'
    t =  1483.55s     Requesting snapshot of accessibility hierarchy for app with pid 3371
2026-08-22 00:50:42.512697+0200 WebDriverAgentRunner-Runner[3383:536655] Getting the most recent active application (out of 1 total items)
    t =  1487.13s Find the Application 'com.zhiliaoapp.musically'
    t =  1487.14s     Requesting snapshot of accessibility hierarchy for app with pid 3371
    t =  1487.27s Find the Application 'com.zhiliaoapp.musically'
    t =  1487.28s     Requesting snapshot of accessibility hierarchy for app with pid 3371
    t =  1487.63s Find the Application 'com.zhiliaoapp.musically'
    t =  1487.63s     Requesting snapshot of accessibility hierarchy for app with pid 3371
    t =  1487.77s Find the Application 'com.zhiliaoapp.musically'
    t =  1487.77s     Requesting snapshot of accessibility hierarchy for app with pid 3371
2026-08-22 00:50:46.701431+0200 WebDriverAgentRunner-Runner[3383:536655] Getting the most recent active application (out of 1 total items)
    t =  1491.32s Find the Application 'com.zhiliaoapp.musically'
    t =  1491.33s     Requesting snapshot of accessibility hierarchy for app with pid 3371
    t =  1491.47s Find the Application 'com.zhiliaoapp.musically'
    t =  1491.47s     Requesting snapshot of accessibility hierarchy for app with pid 3371
    t =  1491.58s Find the Application 'com.zhiliaoapp.musically'
    t =  1491.59s     Requesting snapshot of accessibility hierarchy for app with pid 3371
    t =  1491.68s Find the Application 'com.zhiliaoapp.musically'
    t =  1491.68s     Requesting snapshot of accessibility hierarchy for app with pid 3371
    t =  1497.40s Device orientation changed to Portrait
    t =  1497.41s Device orientation changed to Face Up
2026-08-22 00:50:52.814291+0200 WebDriverAgentRunner-Runner[3383:536655] Getting the most recent active application (out of 1 total items)
    t =  1497.43s Find the Application 'com.zhiliaoapp.musically'
    t =  1497.43s     Requesting snapshot of accessibility hierarchy for app with pid 3371
    t =  1497.50s Find the Application 'com.zhiliaoapp.musically'
    t =  1497.51s     Requesting snapshot of accessibility hierarchy for app with pid 3371
    t =  1497.56s Find the Application 'com.zhiliaoapp.musically'
    t =  1497.56s     Requesting snapshot of accessibility hierarchy for app with pid 3371
    t =  1497.62s Find the Application 'com.zhiliaoapp.musically'
    t =  1497.62s     Requesting snapshot of accessibility hierarchy for app with pid 3371
2026-08-22 00:51:02.545079+0200 WebDriverAgentRunner-Runner[3383:536655] Getting the most recent active application (out of 1 total items)
    t =  1507.16s Find the Application 'com.zhiliaoapp.musically'
    t =  1507.17s     Requesting snapshot of accessibility hierarchy for app with pid 3371
    t =  1507.25s Find the Application 'com.zhiliaoapp.musically'
    t =  1507.25s     Requesting snapshot of accessibility hierarchy for app with pid 3371
2026-08-22 00:51:03.771937+0200 WebDriverAgentRunner-Runner[3383:536655] Getting the most recent active application (out of 1 total items)
    t =  1508.39s Find the Application 'com.zhiliaoapp.musically'
    t =  1508.40s     Requesting snapshot of accessibility hierarchy for app with pid 3371
    t =  1508.45s Find the Application 'com.zhiliaoapp.musically'
    t =  1508.45s     Requesting snapshot of accessibility hierarchy for app with pid 3371
    t =  1508.50s Find the Application 'com.zhiliaoapp.musically'
    t =  1508.51s     Requesting snapshot of accessibility hierarchy for app with pid 3371
    t =  1508.56s Find the Application 'com.zhiliaoapp.musically'
    t =  1508.56s     Requesting snapshot of accessibility hierarchy for app with pid 3371
2026-08-22 00:51:19.515042+0200 WebDriverAgentRunner-Runner[3383:536655] Getting the most recent active application (out of 1 total items)
    t =  1524.13s Find the Application 'com.zhiliaoapp.musically'
    t =  1524.13s     Requesting snapshot of accessibility hierarchy for app with pid 3371
    t =  1524.20s Find the Application 'com.zhiliaoapp.musically'
    t =  1524.20s     Requesting snapshot of accessibility hierarchy for app with pid 3371
2026-08-22 00:51:20.491673+0200 WebDriverAgentRunner-Runner[3383:536655] Getting the most recent active application (out of 1 total items)
    t =  1525.11s Find the Application 'com.zhiliaoapp.musically'
    t =  1525.11s     Requesting snapshot of accessibility hierarchy for app with pid 3371
    t =  1525.26s Find the Application 'com.zhiliaoapp.musically'
    t =  1525.26s     Requesting snapshot of accessibility hierarchy for app with pid 3371
    t =  1525.40s Find the Application 'com.zhiliaoapp.musically'
    t =  1525.40s     Requesting snapshot of accessibility hierarchy for app with pid 3371
    t =  1525.51s Find the Application 'com.zhiliaoapp.musically'
    t =  1525.51s     Requesting snapshot of accessibility hierarchy for app with pid 3371
2026-08-22 00:51:24.664772+0200 WebDriverAgentRunner-Runner[3383:536655] Getting the most recent active application (out of 1 total items)
    t =  1529.28s Find the Application 'com.zhiliaoapp.musically'
    t =  1529.28s     Requesting snapshot of accessibility hierarchy for app with pid 3371
    t =  1529.43s Find the Application 'com.zhiliaoapp.musically'
    t =  1529.43s     Requesting snapshot of accessibility hierarchy for app with pid 3371
    t =  1529.57s Find the Application 'com.zhiliaoapp.musically'
    t =  1529.57s     Requesting snapshot of accessibility hierarchy for app with pid 3371
    t =  1529.69s Find the Application 'com.zhiliaoapp.musically'
    t =  1529.69s     Requesting snapshot of accessibility hierarchy for app with pid 3371
2026-08-22 00:51:30.366764+0200 WebDriverAgentRunner-Runner[3383:536655] Getting the most recent active application (out of 1 total items)
    t =  1534.98s Find the Application 'com.zhiliaoapp.musically'
    t =  1534.99s     Requesting snapshot of accessibility hierarchy for app with pid 3371
    t =  1535.13s Find the Application 'com.zhiliaoapp.musically'
    t =  1535.14s     Requesting snapshot of accessibility hierarchy for app with pid 3371
    t =  1535.27s Find the Application 'com.zhiliaoapp.musically'
    t =  1535.27s     Requesting snapshot of accessibility hierarchy for app with pid 3371
    t =  1535.40s Find the Application 'com.zhiliaoapp.musically'
    t =  1535.40s     Requesting snapshot of accessibility hierarchy for app with pid 3371
2026-08-22 00:51:38.159362+0200 WebDriverAgentRunner-Runner[3383:536655] Getting the most recent active application (out of 1 total items)
    t =  1542.77s Find the Application 'com.zhiliaoapp.musically'
    t =  1542.78s     Requesting snapshot of accessibility hierarchy for app with pid 3371
    t =  1543.03s Find the Application 'com.zhiliaoapp.musically'
    t =  1543.04s     Requesting snapshot of accessibility hierarchy for app with pid 3371
    t =  1543.19s Find the Application 'com.zhiliaoapp.musically'
    t =  1543.20s     Requesting snapshot of accessibility hierarchy for app with pid 3371
    t =  1543.34s Find the Application 'com.zhiliaoapp.musically'
    t =  1543.34s     Requesting snapshot of accessibility hierarchy for app with pid 3371
2026-08-22 00:51:44.570445+0200 WebDriverAgentRunner-Runner[3383:536655] Getting the most recent active application (out of 1 total items)
    t =  1549.18s Find the Application 'com.zhiliaoapp.musically'
    t =  1549.19s     Requesting snapshot of accessibility hierarchy for app with pid 3371
    t =  1549.34s Find the Application 'com.zhiliaoapp.musically'
    t =  1549.34s     Requesting snapshot of accessibility hierarchy for app with pid 3371
2026-08-22 00:51:45.626494+0200 WebDriverAgentRunner-Runner[3383:536655] Getting the most recent active application (out of 1 total items)
    t =  1550.25s Find the Application 'com.zhiliaoapp.musically'
    t =  1550.25s     Requesting snapshot of accessibility hierarchy for app with pid 3371
    t =  1550.34s Find the Application 'com.zhiliaoapp.musically'
    t =  1550.34s     Requesting snapshot of accessibility hierarchy for app with pid 3371
    t =  1550.42s Find the Application 'com.zhiliaoapp.musically'
    t =  1550.42s     Requesting snapshot of accessibility hierarchy for app with pid 3371
    t =  1550.48s Find the Application 'com.zhiliaoapp.musically'
    t =  1550.49s     Requesting snapshot of accessibility hierarchy for app with pid 3371
2026-08-22 00:52:04.536631+0200 WebDriverAgentRunner-Runner[3383:536655] Getting the most recent active application (out of 1 total items)
    t =  1569.15s Find the Application 'com.zhiliaoapp.musically'
    t =  1569.15s     Requesting snapshot of accessibility hierarchy for app with pid 3371
    t =  1569.24s Find the Application 'com.zhiliaoapp.musically'
    t =  1569.24s     Requesting snapshot of accessibility hierarchy for app with pid 3371
    t =  1569.31s Find the Application 'com.zhiliaoapp.musically'
    t =  1569.31s     Requesting snapshot of accessibility hierarchy for app with pid 3371
    t =  1569.37s Find the Application 'com.zhiliaoapp.musically'
    t =  1569.37s     Requesting snapshot of accessibility hierarchy for app with pid 3371
    t =  1572.91s Device orientation changed to Portrait
2026-08-22 00:52:08.329283+0200 WebDriverAgentRunner-Runner[3383:536655] Getting the most recent active application (out of 1 total items)
    t =  1572.94s Find the Application 'com.zhiliaoapp.musically'
    t =  1572.95s     Requesting snapshot of accessibility hierarchy for app with pid 3371
    t =  1573.04s Find the Application 'com.zhiliaoapp.musically'
    t =  1573.04s     Requesting snapshot of accessibility hierarchy for app with pid 3371
    t =  1573.23s Device orientation changed to Face Up
2026-08-22 00:52:09.519437+0200 WebDriverAgentRunner-Runner[3383:536655] Getting the most recent active application (out of 1 total items)
    t =  1574.13s Find the Application 'com.zhiliaoapp.musically'
    t =  1574.13s     Requesting snapshot of accessibility hierarchy for app with pid 3371
    t =  1574.32s Find the Application 'com.zhiliaoapp.musically'
    t =  1574.34s     Requesting snapshot of accessibility hierarchy for app with pid 3371
    t =  1574.39s Find the Application 'com.zhiliaoapp.musically'
    t =  1574.39s     Requesting snapshot of accessibility hierarchy for app with pid 3371
    t =  1574.43s Find the Application 'com.zhiliaoapp.musically'
    t =  1574.43s     Requesting snapshot of accessibility hierarchy for app with pid 3371
2026-08-22 00:52:15.454369+0200 WebDriverAgentRunner-Runner[3383:536655] Getting the most recent active application (out of 1 total items)
    t =  1580.07s Find the Application 'com.zhiliaoapp.musically'
    t =  1580.09s     Requesting snapshot of accessibility hierarchy for app with pid 3371
    t =  1580.15s Find the Application 'com.zhiliaoapp.musically'
    t =  1580.16s     Requesting snapshot of accessibility hierarchy for app with pid 3371
    t =  1580.21s Find the Application 'com.zhiliaoapp.musically'
    t =  1580.21s     Requesting snapshot of accessibility hierarchy for app with pid 3371
    t =  1580.24s Find the Application 'com.zhiliaoapp.musically'
    t =  1580.24s     Requesting snapshot of accessibility hierarchy for app with pid 3371
2026-08-22 00:52:25.046416+0200 WebDriverAgentRunner-Runner[3383:536655] Getting the most recent active application (out of 1 total items)
    t =  1589.66s Find the Application 'com.zhiliaoapp.musically'
    t =  1589.67s     Requesting snapshot of accessibility hierarchy for app with pid 3371
    t =  1589.75s Find the Application 'com.zhiliaoapp.musically'
    t =  1589.75s     Requesting snapshot of accessibility hierarchy for app with pid 3371
    t =  1589.83s Find the Application 'com.zhiliaoapp.musically'
    t =  1589.84s     Requesting snapshot of accessibility hierarchy for app with pid 3371
    t =  1589.90s Find the Application 'com.zhiliaoapp.musically'
    t =  1589.91s     Requesting snapshot of accessibility hierarchy for app with pid 3371
2026-08-22 00:52:46.883439+0200 WebDriverAgentRunner-Runner[3383:536655] Getting the most recent active application (out of 1 total items)
    t =  1611.50s Find the Application 'com.zhiliaoapp.musically'
    t =  1611.50s     Requesting snapshot of accessibility hierarchy for app with pid 3371
    t =  1611.58s Find the Application 'com.zhiliaoapp.musically'
    t =  1611.59s     Requesting snapshot of accessibility hierarchy for app with pid 3371
    t =  1611.66s Find the Application 'com.zhiliaoapp.musically'
    t =  1611.67s     Requesting snapshot of accessibility hierarchy for app with pid 3371
    t =  1611.70s Find the Application 'com.zhiliaoapp.musically'
    t =  1611.70s     Requesting snapshot of accessibility hierarchy for app with pid 3371
2026-08-22 00:53:03.677057+0200 WebDriverAgentRunner-Runner[3383:536655] Getting the most recent active application (out of 1 total items)
    t =  1628.29s Find the Application 'com.zhiliaoapp.musically'
    t =  1628.30s     Requesting snapshot of accessibility hierarchy for app with pid 3371
    t =  1628.38s Find the Application 'com.zhiliaoapp.musically'
    t =  1628.38s     Requesting snapshot of accessibility hierarchy for app with pid 3371
    t =  1628.46s Find the Application 'com.zhiliaoapp.musically'
    t =  1628.47s     Requesting snapshot of accessibility hierarchy for app with pid 3371
    t =  1628.53s Find the Application 'com.zhiliaoapp.musically'
    t =  1628.54s     Requesting snapshot of accessibility hierarchy for app with pid 3371
2026-08-22 00:53:19.555302+0200 WebDriverAgentRunner-Runner[3383:536655] Getting the most recent active application (out of 1 total items)
    t =  1644.17s Find the Application 'com.zhiliaoapp.musically'
    t =  1644.18s     Requesting snapshot of accessibility hierarchy for app with pid 3371
    t =  1644.23s Find the Application 'com.zhiliaoapp.musically'
    t =  1644.23s     Requesting snapshot of accessibility hierarchy for app with pid 3371
    t =  1644.28s Find the Application 'com.zhiliaoapp.musically'
    t =  1644.28s     Requesting snapshot of accessibility hierarchy for app with pid 3371
    t =  1644.32s Find the Application 'com.zhiliaoapp.musically'
    t =  1644.32s     Requesting snapshot of accessibility hierarchy for app with pid 3371
2026-08-22 00:53:29.485579+0200 WebDriverAgentRunner-Runner[3383:536655] Getting the most recent active application (out of 1 total items)
    t =  1654.10s Find the Application 'com.zhiliaoapp.musically'
    t =  1654.11s     Requesting snapshot of accessibility hierarchy for app with pid 3371
    t =  1654.18s Find the Application 'com.zhiliaoapp.musically'
    t =  1654.18s     Requesting snapshot of accessibility hierarchy for app with pid 3371
2026-08-22 00:53:30.921691+0200 WebDriverAgentRunner-Runner[3383:536655] Getting the most recent active application (out of 1 total items)
    t =  1655.54s Find the Application 'com.zhiliaoapp.musically'
    t =  1655.55s     Requesting snapshot of accessibility hierarchy for app with pid 3371
    t =  1655.59s Find the Application 'com.zhiliaoapp.musically'
    t =  1655.60s     Requesting snapshot of accessibility hierarchy for app with pid 3371
    t =  1655.62s Find the Application 'com.zhiliaoapp.musically'
    t =  1655.62s     Requesting snapshot of accessibility hierarchy for app with pid 3371
    t =  1655.63s Find the Application 'com.zhiliaoapp.musically'
    t =  1655.64s     Requesting snapshot of accessibility hierarchy for app with pid 3371
2026-08-22 00:53:34.852552+0200 WebDriverAgentRunner-Runner[3383:536655] Getting the most recent active application (out of 1 total items)
    t =  1659.47s Find the Application 'com.zhiliaoapp.musically'
    t =  1659.47s     Requesting snapshot of accessibility hierarchy for app with pid 3371
    t =  1659.52s Find the Application 'com.zhiliaoapp.musically'
    t =  1659.52s     Requesting snapshot of accessibility hierarchy for app with pid 3371
    t =  1659.57s Find the Application 'com.zhiliaoapp.musically'
    t =  1659.57s     Requesting snapshot of accessibility hierarchy for app with pid 3371
    t =  1659.61s Find the Application 'com.zhiliaoapp.musically'
    t =  1659.62s     Requesting snapshot of accessibility hierarchy for app with pid 3371
2026-08-22 00:53:38.848144+0200 WebDriverAgentRunner-Runner[3383:536655] Getting the most recent active application (out of 1 total items)
    t =  1663.46s Find the Application 'com.zhiliaoapp.musically'
    t =  1663.47s     Requesting snapshot of accessibility hierarchy for app with pid 3371
    t =  1663.50s Find the Application 'com.zhiliaoapp.musically'
    t =  1663.51s     Requesting snapshot of accessibility hierarchy for app with pid 3371
2026-08-22 00:53:39.786435+0200 WebDriverAgentRunner-Runner[3383:536655] Getting the most recent active application (out of 1 total items)
    t =  1664.41s Find the Application 'com.zhiliaoapp.musically'
    t =  1664.42s     Requesting snapshot of accessibility hierarchy for app with pid 3371
    t =  1664.44s Find the Application 'com.zhiliaoapp.musically'
    t =  1664.44s     Requesting snapshot of accessibility hierarchy for app with pid 3371
    t =  1664.47s Find the Application 'com.zhiliaoapp.musically'
    t =  1664.47s     Requesting snapshot of accessibility hierarchy for app with pid 3371
    t =  1664.59s Find the Application 'com.zhiliaoapp.musically'
    t =  1664.61s     Requesting snapshot of accessibility hierarchy for app with pid 3371
2026-08-22 00:53:43.768874+0200 WebDriverAgentRunner-Runner[3383:536655] Getting the most recent active application (out of 1 total items)
    t =  1668.38s Find the Application 'com.zhiliaoapp.musically'
    t =  1668.39s     Requesting snapshot of accessibility hierarchy for app with pid 3371
    t =  1668.44s Find the Application 'com.zhiliaoapp.musically'
    t =  1668.44s     Requesting snapshot of accessibility hierarchy for app with pid 3371
    t =  1668.50s Find the Application 'com.zhiliaoapp.musically'
    t =  1668.50s     Requesting snapshot of accessibility hierarchy for app with pid 3371
    t =  1668.54s Find the Application 'com.zhiliaoapp.musically'
    t =  1668.55s     Requesting snapshot of accessibility hierarchy for app with pid 3371
2026-08-22 00:53:52.454639+0200 WebDriverAgentRunner-Runner[3383:536655] Getting the most recent active application (out of 1 total items)
    t =  1677.07s Find the Application 'com.zhiliaoapp.musically'
    t =  1677.08s     Requesting snapshot of accessibility hierarchy for app with pid 3371
    t =  1677.13s Find the Application 'com.zhiliaoapp.musically'
    t =  1677.13s     Requesting snapshot of accessibility hierarchy for app with pid 3371
2026-08-22 00:53:53.863211+0200 WebDriverAgentRunner-Runner[3383:536655] Getting the most recent active application (out of 1 total items)
    t =  1678.48s Find the Application 'com.zhiliaoapp.musically'
    t =  1678.49s     Requesting snapshot of accessibility hierarchy for app with pid 3371
    t =  1678.53s Find the Application 'com.zhiliaoapp.musically'
    t =  1678.54s     Requesting snapshot of accessibility hierarchy for app with pid 3371
    t =  1678.59s Find the Application 'com.zhiliaoapp.musically'
    t =  1678.59s     Requesting snapshot of accessibility hierarchy for app with pid 3371
    t =  1678.64s Find the Application 'com.zhiliaoapp.musically'
    t =  1678.64s     Requesting snapshot of accessibility hierarchy for app with pid 3371
2026-08-22 00:54:10.852326+0200 WebDriverAgentRunner-Runner[3383:536655] Getting the most recent active application (out of 1 total items)
    t =  1695.47s Find the Application 'com.zhiliaoapp.musically'
    t =  1695.47s     Requesting snapshot of accessibility hierarchy for app with pid 3371
    t =  1695.53s Find the Application 'com.zhiliaoapp.musically'
    t =  1695.53s     Requesting snapshot of accessibility hierarchy for app with pid 3371
    t =  1695.58s Find the Application 'com.zhiliaoapp.musically'
    t =  1695.58s     Requesting snapshot of accessibility hierarchy for app with pid 3371
    t =  1695.62s Find the Application 'com.zhiliaoapp.musically'
    t =  1695.63s     Requesting snapshot of accessibility hierarchy for app with pid 3371
2026-08-22 00:54:19.643602+0200 WebDriverAgentRunner-Runner[3383:536655] Getting the most recent active application (out of 1 total items)
    t =  1704.26s Find the Application 'com.zhiliaoapp.musically'
    t =  1704.26s     Requesting snapshot of accessibility hierarchy for app with pid 3371
    t =  1704.31s Find the Application 'com.zhiliaoapp.musically'
    t =  1704.32s     Requesting snapshot of accessibility hierarchy for app with pid 3371
    t =  1704.37s Find the Application 'com.zhiliaoapp.musically'
    t =  1704.37s     Requesting snapshot of accessibility hierarchy for app with pid 3371
    t =  1704.42s Find the Application 'com.zhiliaoapp.musically'
    t =  1704.42s     Requesting snapshot of accessibility hierarchy for app with pid 3371
2026-08-22 00:54:31.045876+0200 WebDriverAgentRunner-Runner[3383:536655] Getting the most recent active application (out of 1 total items)
    t =  1715.66s Find the Application 'com.zhiliaoapp.musically'
    t =  1715.67s     Requesting snapshot of accessibility hierarchy for app with pid 3371
    t =  1715.72s Find the Application 'com.zhiliaoapp.musically'
    t =  1715.72s     Requesting snapshot of accessibility hierarchy for app with pid 3371
    t =  1715.78s Find the Application 'com.zhiliaoapp.musically'
    t =  1715.78s     Requesting snapshot of accessibility hierarchy for app with pid 3371
    t =  1715.82s Find the Application 'com.zhiliaoapp.musically'
    t =  1715.82s     Requesting snapshot of accessibility hierarchy for app with pid 3371
2026-08-22 00:54:44.982826+0200 WebDriverAgentRunner-Runner[3383:536655] Getting the most recent active application (out of 1 total items)
    t =  1729.60s Find the Application 'com.zhiliaoapp.musically'
    t =  1729.61s     Requesting snapshot of accessibility hierarchy for app with pid 3371
    t =  1729.66s Find the Application 'com.zhiliaoapp.musically'
    t =  1729.66s     Requesting snapshot of accessibility hierarchy for app with pid 3371
    t =  1729.71s Find the Application 'com.zhiliaoapp.musically'
    t =  1729.72s     Requesting snapshot of accessibility hierarchy for app with pid 3371
    t =  1729.76s Find the Application 'com.zhiliaoapp.musically'
    t =  1729.76s     Requesting snapshot of accessibility hierarchy for app with pid 3371
2026-08-22 00:54:53.191259+0200 WebDriverAgentRunner-Runner[3383:536655] Getting the most recent active application (out of 1 total items)
    t =  1737.80s Find the Application 'com.zhiliaoapp.musically'
    t =  1737.81s     Requesting snapshot of accessibility hierarchy for app with pid 3371
    t =  1737.86s Find the Application 'com.zhiliaoapp.musically'
    t =  1737.87s     Requesting snapshot of accessibility hierarchy for app with pid 3371
    t =  1737.92s Find the Application 'com.zhiliaoapp.musically'
    t =  1737.92s     Requesting snapshot of accessibility hierarchy for app with pid 3371
    t =  1737.96s Find the Application 'com.zhiliaoapp.musically'
    t =  1737.96s     Requesting snapshot of accessibility hierarchy for app with pid 3371
2026-08-22 00:54:58.716967+0200 WebDriverAgentRunner-Runner[3383:536655] Getting the most recent active application (out of 1 total items)
    t =  1743.33s Find the Application 'com.zhiliaoapp.musically'
    t =  1743.34s     Requesting snapshot of accessibility hierarchy for app with pid 3371
    t =  1743.39s Find the Application 'com.zhiliaoapp.musically'
    t =  1743.39s     Requesting snapshot of accessibility hierarchy for app with pid 3371
    t =  1743.44s Find the Application 'com.zhiliaoapp.musically'
    t =  1743.45s     Requesting snapshot of accessibility hierarchy for app with pid 3371
    t =  1743.49s Find the Application 'com.zhiliaoapp.musically'
    t =  1743.49s     Requesting snapshot of accessibility hierarchy for app with pid 3371
2026-08-22 00:55:07.285812+0200 WebDriverAgentRunner-Runner[3383:536655] Getting the most recent active application (out of 1 total items)
    t =  1751.90s Find the Application 'com.zhiliaoapp.musically'
    t =  1751.91s     Requesting snapshot of accessibility hierarchy for app with pid 3371
    t =  1751.95s Find the Application 'com.zhiliaoapp.musically'
    t =  1751.96s     Requesting snapshot of accessibility hierarchy for app with pid 3371
    t =  1752.01s Find the Application 'com.zhiliaoapp.musically'
    t =  1752.01s     Requesting snapshot of accessibility hierarchy for app with pid 3371
    t =  1752.05s Find the Application 'com.zhiliaoapp.musically'
    t =  1752.05s     Requesting snapshot of accessibility hierarchy for app with pid 3371
2026-08-22 00:55:24.594579+0200 WebDriverAgentRunner-Runner[3383:536655] Getting the most recent active application (out of 1 total items)
    t =  1769.32s Find the Application 'com.zhiliaoapp.musically'
    t =  1769.34s     Requesting snapshot of accessibility hierarchy for app with pid 3371
    t =  1769.39s Find the Application 'com.zhiliaoapp.musically'
    t =  1769.40s     Requesting snapshot of accessibility hierarchy for app with pid 3371
    t =  1769.45s Find the Application 'com.zhiliaoapp.musically'
    t =  1769.45s     Requesting snapshot of accessibility hierarchy for app with pid 3371
    t =  1769.49s Find the Application 'com.zhiliaoapp.musically'
    t =  1769.49s     Requesting snapshot of accessibility hierarchy for app with pid 3371
    t =  1783.18s Device orientation changed to Portrait
2026-08-22 00:55:38.583400+0200 WebDriverAgentRunner-Runner[3383:536655] Getting the most recent active application (out of 1 total items)
    t =  1783.20s Find the Application 'com.zhiliaoapp.musically'
    t =  1783.22s     Requesting snapshot of accessibility hierarchy for app with pid 3371
    t =  1783.25s Find the Application 'com.zhiliaoapp.musically'
    t =  1783.25s     Requesting snapshot of accessibility hierarchy for app with pid 3371
    t =  1783.27s Find the Application 'com.zhiliaoapp.musically'
    t =  1783.27s     Requesting snapshot of accessibility hierarchy for app with pid 3371
    t =  1783.29s Find the Application 'com.zhiliaoapp.musically'
    t =  1783.29s     Requesting snapshot of accessibility hierarchy for app with pid 3371
    t =  1811.75s Device orientation changed to Face Up
    t =  1811.76s Device orientation changed to Portrait
    t =  1811.76s Device orientation changed to Face Up
2026-08-22 00:56:07.169365+0200 WebDriverAgentRunner-Runner[3383:536655] Getting the most recent active application (out of 1 total items)
    t =  1811.78s Find the Application 'com.zhiliaoapp.musically'
    t =  1811.78s     Requesting snapshot of accessibility hierarchy for app with pid 3371
    t =  1811.87s Find the Application 'com.zhiliaoapp.musically'
    t =  1811.87s     Requesting snapshot of accessibility hierarchy for app with pid 3371
2026-08-22 00:56:10.001721+0200 WebDriverAgentRunner-Runner[3383:536655] Getting the most recent active application (out of 1 total items)
    t =  1814.61s Get all elements bound by accessibility element for: Descendants matching type TextView
    t =  1814.63s     Requesting snapshot of accessibility hierarchy for app with pid 3371
    t =  1814.66s     Find: Descendants matching type TextView
    t =  1814.69s Pressing Home button
    t =  1815.69s Open com.zhiliaoapp.musically
    t =  1815.69s     Activate com.zhiliaoapp.musically
2026-08-22 00:56:11.132477+0200 WebDriverAgentRunner-Runner[3383:536655] Quiescence checks are disabled for com.zhiliaoapp.musically application. Making it to believe it is idling
2026-08-22 00:56:11.173067+0200 WebDriverAgentRunner-Runner[3383:536655] Getting the most recent active application (out of 1 total items)
    t =  1815.78s Find the Application 'com.zhiliaoapp.musically'
    t =  1815.78s     Requesting snapshot of accessibility hierarchy for app with pid 3371
    t =  1816.39s Find the Application 'com.zhiliaoapp.musically'
    t =  1816.39s     Requesting snapshot of accessibility hierarchy for app with pid 3371
    t =  1816.42s Find the Application 'com.zhiliaoapp.musically'
    t =  1816.42s     Requesting snapshot of accessibility hierarchy for app with pid 3371
    t =  1816.44s Find the Application 'com.zhiliaoapp.musically'
    t =  1816.44s     Requesting snapshot of accessibility hierarchy for app with pid 3371
    t =  1838.10s Device orientation changed to Portrait
    t =  1838.10s Device orientation changed to Face Up
    t =  1838.11s Device orientation changed to Portrait
2026-08-22 00:56:33.514162+0200 WebDriverAgentRunner-Runner[3383:536655] Getting the most recent active application (out of 1 total items)
    t =  1838.13s Find the Application 'com.zhiliaoapp.musically'
    t =  1838.13s     Requesting snapshot of accessibility hierarchy for app with pid 3371
    t =  1838.16s Find the Application 'com.zhiliaoapp.musically'
    t =  1838.16s     Requesting snapshot of accessibility hierarchy for app with pid 3371
    t =  1838.19s Find the Application 'com.zhiliaoapp.musically'
    t =  1838.19s     Requesting snapshot of accessibility hierarchy for app with pid 3371
    t =  1838.22s Find the Application 'com.zhiliaoapp.musically'
    t =  1838.22s     Requesting snapshot of accessibility hierarchy for app with pid 3371
    t =  1838.45s Device orientation changed to Face Up
2026-08-22 00:56:48.444699+0200 WebDriverAgentRunner-Runner[3383:536655] Getting the most recent active application (out of 1 total items)
    t =  1853.06s Find the Application 'com.zhiliaoapp.musically'
    t =  1853.06s     Requesting snapshot of accessibility hierarchy for app with pid 3371
    t =  1853.14s Find the Application 'com.zhiliaoapp.musically'
    t =  1853.15s     Requesting snapshot of accessibility hierarchy for app with pid 3371
    t =  1853.23s Find the Application 'com.zhiliaoapp.musically'
    t =  1853.23s     Requesting snapshot of accessibility hierarchy for app with pid 3371
    t =  1853.30s Find the Application 'com.zhiliaoapp.musically'
    t =  1853.31s     Requesting snapshot of accessibility hierarchy for app with pid 3371
2026-08-22 00:56:54.077415+0200 WebDriverAgentRunner-Runner[3383:536655] Getting the most recent active application (out of 1 total items)
    t =  1858.69s Find the Application 'com.zhiliaoapp.musically'
    t =  1858.70s     Requesting snapshot of accessibility hierarchy for app with pid 3371
    t =  1858.78s Find the Application 'com.zhiliaoapp.musically'
    t =  1858.78s     Requesting snapshot of accessibility hierarchy for app with pid 3371
2026-08-22 00:56:56.118744+0200 WebDriverAgentRunner-Runner[3383:536655] Getting the most recent active application (out of 1 total items)
    t =  1860.73s Get all elements bound by accessibility element for: Descendants matching type TextView
    t =  1860.74s     Requesting snapshot of accessibility hierarchy for app with pid 3371
    t =  1860.80s     Find: Descendants matching type TextView
    t =  1860.83s Pressing Home button
    t =  1861.85s Open com.zhiliaoapp.musically
    t =  1861.86s     Activate com.zhiliaoapp.musically
2026-08-22 00:56:57.289041+0200 WebDriverAgentRunner-Runner[3383:536655] Quiescence checks are disabled for com.zhiliaoapp.musically application. Making it to believe it is idling
2026-08-22 00:56:57.319441+0200 WebDriverAgentRunner-Runner[3383:536655] Getting the most recent active application (out of 1 total items)
    t =  1861.93s Find the Application 'com.zhiliaoapp.musically'
    t =  1861.93s     Requesting snapshot of accessibility hierarchy for app with pid 3371
    t =  1862.45s Find the Application 'com.zhiliaoapp.musically'
    t =  1862.46s     Requesting snapshot of accessibility hierarchy for app with pid 3371
    t =  1862.49s Find the Application 'com.zhiliaoapp.musically'
    t =  1862.49s     Requesting snapshot of accessibility hierarchy for app with pid 3371
    t =  1862.51s Find the Application 'com.zhiliaoapp.musically'
    t =  1862.51s     Requesting snapshot of accessibility hierarchy for app with pid 3371
2026-08-22 00:57:01.557076+0200 WebDriverAgentRunner-Runner[3383:536655] Getting the most recent active application (out of 1 total items)
    t =  1866.17s Find the Application 'com.zhiliaoapp.musically'
    t =  1866.18s     Requesting snapshot of accessibility hierarchy for app with pid 3371
    t =  1866.23s Find the Application 'com.zhiliaoapp.musically'
    t =  1866.24s     Requesting snapshot of accessibility hierarchy for app with pid 3371
    t =  1866.29s Find the Application 'com.zhiliaoapp.musically'
    t =  1866.30s     Requesting snapshot of accessibility hierarchy for app with pid 3371
    t =  1866.34s Find the Application 'com.zhiliaoapp.musically'
    t =  1866.34s     Requesting snapshot of accessibility hierarchy for app with pid 3371
2026-08-22 00:57:18.678374+0200 WebDriverAgentRunner-Runner[3383:536655] Getting the most recent active application (out of 1 total items)
    t =  1883.29s Find the Application 'com.zhiliaoapp.musically'
    t =  1883.30s     Requesting snapshot of accessibility hierarchy for app with pid 3371
    t =  1883.36s Find the Application 'com.zhiliaoapp.musically'
    t =  1883.36s     Requesting snapshot of accessibility hierarchy for app with pid 3371
    t =  1883.42s Find the Application 'com.zhiliaoapp.musically'
    t =  1883.42s     Requesting snapshot of accessibility hierarchy for app with pid 3371
    t =  1883.47s Find the Application 'com.zhiliaoapp.musically'
    t =  1883.47s     Requesting snapshot of accessibility hierarchy for app with pid 3371
2026-08-22 00:57:33.838594+0200 WebDriverAgentRunner-Runner[3383:536655] Getting the most recent active application (out of 1 total items)
    t =  1898.45s Find the Application 'com.zhiliaoapp.musically'
    t =  1898.46s     Requesting snapshot of accessibility hierarchy for app with pid 3371
    t =  1898.51s Find the Application 'com.zhiliaoapp.musically'
    t =  1898.51s     Requesting snapshot of accessibility hierarchy for app with pid 3371
    t =  1898.56s Find the Application 'com.zhiliaoapp.musically'
    t =  1898.56s     Requesting snapshot of accessibility hierarchy for app with pid 3371
    t =  1898.59s Find the Application 'com.zhiliaoapp.musically'
    t =  1898.60s     Requesting snapshot of accessibility hierarchy for app with pid 3371
2026-08-22 00:57:37.604581+0200 WebDriverAgentRunner-Runner[3383:536655] Getting the most recent active application (out of 1 total items)
    t =  1902.22s Find the Application 'com.zhiliaoapp.musically'
    t =  1902.23s     Requesting snapshot of accessibility hierarchy for app with pid 3371
    t =  1902.27s Find the Application 'com.zhiliaoapp.musically'
    t =  1902.27s     Requesting snapshot of accessibility hierarchy for app with pid 3371
    t =  1902.33s Find the Application 'com.zhiliaoapp.musically'
    t =  1902.33s     Requesting snapshot of accessibility hierarchy for app with pid 3371
    t =  1902.37s Find the Application 'com.zhiliaoapp.musically'
    t =  1902.38s     Requesting snapshot of accessibility hierarchy for app with pid 3371
2026-08-22 00:57:46.194590+0200 WebDriverAgentRunner-Runner[3383:536655] Getting the most recent active application (out of 1 total items)
    t =  1910.81s Find the Application 'com.zhiliaoapp.musically'
    t =  1910.81s     Requesting snapshot of accessibility hierarchy for app with pid 3371
    t =  1910.87s Find the Application 'com.zhiliaoapp.musically'
    t =  1910.87s     Requesting snapshot of accessibility hierarchy for app with pid 3371
    t =  1910.92s Find the Application 'com.zhiliaoapp.musically'
    t =  1910.93s     Requesting snapshot of accessibility hierarchy for app with pid 3371
    t =  1910.97s Find the Application 'com.zhiliaoapp.musically'
    t =  1910.97s     Requesting snapshot of accessibility hierarchy for app with pid 3371
2026-08-22 00:57:55.160948+0200 WebDriverAgentRunner-Runner[3383:536655] Getting the most recent active application (out of 1 total items)
    t =  1919.77s Find the Application 'com.zhiliaoapp.musically'
    t =  1919.78s     Requesting snapshot of accessibility hierarchy for app with pid 3371
    t =  1919.82s Find the Application 'com.zhiliaoapp.musically'
    t =  1919.82s     Requesting snapshot of accessibility hierarchy for app with pid 3371
    t =  1919.87s Find the Application 'com.zhiliaoapp.musically'
    t =  1919.88s     Requesting snapshot of accessibility hierarchy for app with pid 3371
    t =  1919.92s Find the Application 'com.zhiliaoapp.musically'
    t =  1919.92s     Requesting snapshot of accessibility hierarchy for app with pid 3371
2026-08-22 00:58:24.719739+0200 WebDriverAgentRunner-Runner[3383:536655] Getting the most recent active application (out of 1 total items)
    t =  1949.34s Find the Application 'com.zhiliaoapp.musically'
    t =  1949.34s     Requesting snapshot of accessibility hierarchy for app with pid 3371
    t =  1949.39s Find the Application 'com.zhiliaoapp.musically'
    t =  1949.40s     Requesting snapshot of accessibility hierarchy for app with pid 3371
    t =  1949.45s Find the Application 'com.zhiliaoapp.musically'
    t =  1949.45s     Requesting snapshot of accessibility hierarchy for app with pid 3371
    t =  1949.49s Find the Application 'com.zhiliaoapp.musically'
    t =  1949.49s     Requesting snapshot of accessibility hierarchy for app with pid 3371
2026-08-22 00:58:40.682242+0200 WebDriverAgentRunner-Runner[3383:536655] Getting the most recent active application (out of 1 total items)
    t =  1965.30s Find the Application 'com.zhiliaoapp.musically'
    t =  1965.30s     Requesting snapshot of accessibility hierarchy for app with pid 3371
    t =  1965.36s Find the Application 'com.zhiliaoapp.musically'
    t =  1965.36s     Requesting snapshot of accessibility hierarchy for app with pid 3371
    t =  1965.41s Find the Application 'com.zhiliaoapp.musically'
    t =  1965.41s     Requesting snapshot of accessibility hierarchy for app with pid 3371
    t =  1965.45s Find the Application 'com.zhiliaoapp.musically'
    t =  1965.45s     Requesting snapshot of accessibility hierarchy for app with pid 3371
2026-08-22 00:58:48.469789+0200 WebDriverAgentRunner-Runner[3383:536655] Getting the most recent active application (out of 1 total items)
    t =  1973.08s Find the Application 'com.zhiliaoapp.musically'
    t =  1973.09s     Requesting snapshot of accessibility hierarchy for app with pid 3371
    t =  1973.14s Find the Application 'com.zhiliaoapp.musically'
    t =  1973.14s     Requesting snapshot of accessibility hierarchy for app with pid 3371
    t =  1973.20s Find the Application 'com.zhiliaoapp.musically'
    t =  1973.21s     Requesting snapshot of accessibility hierarchy for app with pid 3371
    t =  1973.25s Find the Application 'com.zhiliaoapp.musically'
    t =  1973.25s     Requesting snapshot of accessibility hierarchy for app with pid 3371
2026-08-22 00:58:53.372677+0200 WebDriverAgentRunner-Runner[3383:536655] Getting the most recent active application (out of 1 total items)
    t =  1977.99s Find the Application 'com.zhiliaoapp.musically'
    t =  1978.00s     Requesting snapshot of accessibility hierarchy for app with pid 3371
    t =  1978.05s Find the Application 'com.zhiliaoapp.musically'
    t =  1978.05s     Requesting snapshot of accessibility hierarchy for app with pid 3371
    t =  1978.10s Find the Application 'com.zhiliaoapp.musically'
    t =  1978.10s     Requesting snapshot of accessibility hierarchy for app with pid 3371
    t =  1978.15s Find the Application 'com.zhiliaoapp.musically'
    t =  1978.15s     Requesting snapshot of accessibility hierarchy for app with pid 3371
2026-08-22 00:59:07.056156+0200 WebDriverAgentRunner-Runner[3383:536655] Getting the most recent active application (out of 1 total items)
    t =  1991.67s Find the Application 'com.zhiliaoapp.musically'
    t =  1991.67s     Requesting snapshot of accessibility hierarchy for app with pid 3371
    t =  1991.73s Find the Application 'com.zhiliaoapp.musically'
    t =  1991.74s     Requesting snapshot of accessibility hierarchy for app with pid 3371
    t =  1991.79s Find the Application 'com.zhiliaoapp.musically'
    t =  1991.80s     Requesting snapshot of accessibility hierarchy for app with pid 3371
    t =  1991.84s Find the Application 'com.zhiliaoapp.musically'
    t =  1991.84s     Requesting snapshot of accessibility hierarchy for app with pid 3371
2026-08-22 00:59:11.841659+0200 WebDriverAgentRunner-Runner[3383:536655] Getting the most recent active application (out of 1 total items)
    t =  1996.46s Find the Application 'com.zhiliaoapp.musically'
    t =  1996.46s     Requesting snapshot of accessibility hierarchy for app with pid 3371
    t =  1996.52s Find the Application 'com.zhiliaoapp.musically'
    t =  1996.52s     Requesting snapshot of accessibility hierarchy for app with pid 3371
    t =  1996.57s Find the Application 'com.zhiliaoapp.musically'
    t =  1996.57s     Requesting snapshot of accessibility hierarchy for app with pid 3371
    t =  1996.61s Find the Application 'com.zhiliaoapp.musically'
    t =  1996.61s     Requesting snapshot of accessibility hierarchy for app with pid 3371
2026-08-22 00:59:15.653051+0200 WebDriverAgentRunner-Runner[3383:536655] Getting the most recent active application (out of 1 total items)
    t =  2000.27s Find the Application 'com.zhiliaoapp.musically'
    t =  2000.27s     Requesting snapshot of accessibility hierarchy for app with pid 3371
    t =  2000.32s Find the Application 'com.zhiliaoapp.musically'
    t =  2000.32s     Requesting snapshot of accessibility hierarchy for app with pid 3371
    t =  2000.39s Find the Application 'com.zhiliaoapp.musically'
    t =  2000.39s     Requesting snapshot of accessibility hierarchy for app with pid 3371
    t =  2000.43s Find the Application 'com.zhiliaoapp.musically'
    t =  2000.43s     Requesting snapshot of accessibility hierarchy for app with pid 3371
2026-08-22 00:59:21.686166+0200 WebDriverAgentRunner-Runner[3383:536655] Getting the most recent active application (out of 1 total items)
    t =  2006.30s Find the Application 'com.zhiliaoapp.musically'
    t =  2006.30s     Requesting snapshot of accessibility hierarchy for app with pid 3371
    t =  2006.35s Find the Application 'com.zhiliaoapp.musically'
    t =  2006.35s     Requesting snapshot of accessibility hierarchy for app with pid 3371
    t =  2006.41s Find the Application 'com.zhiliaoapp.musically'
    t =  2006.41s     Requesting snapshot of accessibility hierarchy for app with pid 3371
    t =  2006.45s Find the Application 'com.zhiliaoapp.musically'
    t =  2006.45s     Requesting snapshot of accessibility hierarchy for app with pid 3371
2026-08-22 00:59:26.870946+0200 WebDriverAgentRunner-Runner[3383:536655] Getting the most recent active application (out of 1 total items)
    t =  2011.48s Find the Application 'com.zhiliaoapp.musically'
    t =  2011.49s     Requesting snapshot of accessibility hierarchy for app with pid 3371
    t =  2011.54s Find the Application 'com.zhiliaoapp.musically'
    t =  2011.55s     Requesting snapshot of accessibility hierarchy for app with pid 3371
    t =  2011.59s Find the Application 'com.zhiliaoapp.musically'
    t =  2011.60s     Requesting snapshot of accessibility hierarchy for app with pid 3371
    t =  2011.63s Find the Application 'com.zhiliaoapp.musically'
    t =  2011.64s     Requesting snapshot of accessibility hierarchy for app with pid 3371
2026-08-22 00:59:32.617290+0200 WebDriverAgentRunner-Runner[3383:536655] Getting the most recent active application (out of 1 total items)
    t =  2017.23s Find the Application 'com.zhiliaoapp.musically'
    t =  2017.24s     Requesting snapshot of accessibility hierarchy for app with pid 3371
    t =  2017.29s Find the Application 'com.zhiliaoapp.musically'
    t =  2017.29s     Requesting snapshot of accessibility hierarchy for app with pid 3371
    t =  2017.35s Find the Application 'com.zhiliaoapp.musically'
    t =  2017.35s     Requesting snapshot of accessibility hierarchy for app with pid 3371
    t =  2017.39s Find the Application 'com.zhiliaoapp.musically'
    t =  2017.39s     Requesting snapshot of accessibility hierarchy for app with pid 3371
2026-08-22 00:59:51.786115+0200 WebDriverAgentRunner-Runner[3383:536655] Getting the most recent active application (out of 1 total items)
    t =  2036.40s Find the Application 'com.zhiliaoapp.musically'
    t =  2036.41s     Requesting snapshot of accessibility hierarchy for app with pid 3371
    t =  2036.46s Find the Application 'com.zhiliaoapp.musically'
    t =  2036.47s     Requesting snapshot of accessibility hierarchy for app with pid 3371
    t =  2036.53s Find the Application 'com.zhiliaoapp.musically'
    t =  2036.53s     Requesting snapshot of accessibility hierarchy for app with pid 3371
    t =  2036.57s Find the Application 'com.zhiliaoapp.musically'
    t =  2036.57s     Requesting snapshot of accessibility hierarchy for app with pid 3371
2026-08-22 00:59:57.682049+0200 WebDriverAgentRunner-Runner[3383:536655] Getting the most recent active application (out of 1 total items)
    t =  2042.30s Find the Application 'com.zhiliaoapp.musically'
    t =  2042.30s     Requesting snapshot of accessibility hierarchy for app with pid 3371
    t =  2042.36s Find the Application 'com.zhiliaoapp.musically'
    t =  2042.36s     Requesting snapshot of accessibility hierarchy for app with pid 3371
    t =  2042.39s Find the Application 'com.zhiliaoapp.musically'
    t =  2042.40s     Requesting snapshot of accessibility hierarchy for app with pid 3371
    t =  2042.42s Find the Application 'com.zhiliaoapp.musically'
    t =  2042.42s     Requesting snapshot of accessibility hierarchy for app with pid 3371
2026-08-22 01:00:03.735593+0200 WebDriverAgentRunner-Runner[3383:536655] Getting the most recent active application (out of 1 total items)
    t =  2048.35s Find the Application 'com.zhiliaoapp.musically'
    t =  2048.35s     Requesting snapshot of accessibility hierarchy for app with pid 3371
    t =  2048.40s Find the Application 'com.zhiliaoapp.musically'
    t =  2048.41s     Requesting snapshot of accessibility hierarchy for app with pid 3371
2026-08-22 01:00:07.011332+0200 WebDriverAgentRunner-Runner[3383:536655] Getting the most recent active application (out of 1 total items)
    t =  2051.62s Get all elements bound by accessibility element for: Descendants matching type TextView
    t =  2051.64s     Requesting snapshot of accessibility hierarchy for app with pid 3371
    t =  2051.67s     Find: Descendants matching type TextView
    t =  2051.70s Pressing Home button
    t =  2052.71s Open com.zhiliaoapp.musically
    t =  2052.71s     Activate com.zhiliaoapp.musically
2026-08-22 01:00:08.144417+0200 WebDriverAgentRunner-Runner[3383:536655] Quiescence checks are disabled for com.zhiliaoapp.musically application. Making it to believe it is idling
2026-08-22 01:00:08.174311+0200 WebDriverAgentRunner-Runner[3383:536655] Getting the most recent active application (out of 1 total items)
    t =  2052.78s Find the Application 'com.zhiliaoapp.musically'
    t =  2052.79s     Requesting snapshot of accessibility hierarchy for app with pid 3371
    t =  2053.33s Find the Application 'com.zhiliaoapp.musically'
    t =  2053.35s     Requesting snapshot of accessibility hierarchy for app with pid 3371
    t =  2053.38s Find the Application 'com.zhiliaoapp.musically'
    t =  2053.38s     Requesting snapshot of accessibility hierarchy for app with pid 3371
    t =  2053.40s Find the Application 'com.zhiliaoapp.musically'
    t =  2053.40s     Requesting snapshot of accessibility hierarchy for app with pid 3371
2026-08-22 01:00:15.374521+0200 WebDriverAgentRunner-Runner[3383:536655] Getting the most recent active application (out of 1 total items)
    t =  2059.99s Find the Application 'com.zhiliaoapp.musically'
    t =  2060.12s     Requesting snapshot of accessibility hierarchy for app with pid 3371
    t =  2060.19s Find the Application 'com.zhiliaoapp.musically'
    t =  2060.19s     Requesting snapshot of accessibility hierarchy for app with pid 3371
    t =  2060.25s Find the Application 'com.zhiliaoapp.musically'
    t =  2060.26s     Requesting snapshot of accessibility hierarchy for app with pid 3371
    t =  2060.30s Find the Application 'com.zhiliaoapp.musically'
    t =  2060.30s     Requesting snapshot of accessibility hierarchy for app with pid 3371
2026-08-22 01:00:29.626549+0200 WebDriverAgentRunner-Runner[3383:536655] Getting the most recent active application (out of 1 total items)
    t =  2074.24s Find the Application 'com.zhiliaoapp.musically'
    t =  2074.25s     Requesting snapshot of accessibility hierarchy for app with pid 3371
    t =  2074.30s Find the Application 'com.zhiliaoapp.musically'
    t =  2074.30s     Requesting snapshot of accessibility hierarchy for app with pid 3371
    t =  2074.35s Find the Application 'com.zhiliaoapp.musically'
    t =  2074.36s     Requesting snapshot of accessibility hierarchy for app with pid 3371
    t =  2074.39s Find the Application 'com.zhiliaoapp.musically'
    t =  2074.40s     Requesting snapshot of accessibility hierarchy for app with pid 3371
2026-08-22 01:00:39.577482+0200 WebDriverAgentRunner-Runner[3383:536655] Getting the most recent active application (out of 1 total items)
    t =  2084.19s Find the Application 'com.zhiliaoapp.musically'
    t =  2084.20s     Requesting snapshot of accessibility hierarchy for app with pid 3371
    t =  2084.25s Find the Application 'com.zhiliaoapp.musically'
    t =  2084.25s     Requesting snapshot of accessibility hierarchy for app with pid 3371
    t =  2084.32s Find the Application 'com.zhiliaoapp.musically'
    t =  2084.32s     Requesting snapshot of accessibility hierarchy for app with pid 3371
    t =  2084.36s Find the Application 'com.zhiliaoapp.musically'
    t =  2084.37s     Requesting snapshot of accessibility hierarchy for app with pid 3371
2026-08-22 01:00:44.983920+0200 WebDriverAgentRunner-Runner[3383:536655] Getting the most recent active application (out of 1 total items)
    t =  2089.60s Find the Application 'com.zhiliaoapp.musically'
    t =  2089.61s     Requesting snapshot of accessibility hierarchy for app with pid 3371
    t =  2089.65s Find the Application 'com.zhiliaoapp.musically'
    t =  2089.66s     Requesting snapshot of accessibility hierarchy for app with pid 3371
    t =  2089.71s Find the Application 'com.zhiliaoapp.musically'
    t =  2089.72s     Requesting snapshot of accessibility hierarchy for app with pid 3371
    t =  2089.76s Find the Application 'com.zhiliaoapp.musically'
    t =  2089.76s     Requesting snapshot of accessibility hierarchy for app with pid 3371
2026-08-22 01:00:54.695320+0200 WebDriverAgentRunner-Runner[3383:536655] Getting the most recent active application (out of 1 total items)
    t =  2099.31s Find the Application 'com.zhiliaoapp.musically'
    t =  2099.32s     Requesting snapshot of accessibility hierarchy for app with pid 3371
    t =  2099.37s Find the Application 'com.zhiliaoapp.musically'
    t =  2099.37s     Requesting snapshot of accessibility hierarchy for app with pid 3371
    t =  2099.43s Find the Application 'com.zhiliaoapp.musically'
    t =  2099.43s     Requesting snapshot of accessibility hierarchy for app with pid 3371
    t =  2099.48s Find the Application 'com.zhiliaoapp.musically'
    t =  2099.48s     Requesting snapshot of accessibility hierarchy for app with pid 3371
2026-08-22 01:00:58.380647+0200 WebDriverAgentRunner-Runner[3383:536655] Getting the most recent active application (out of 1 total items)
    t =  2102.99s Find the Application 'com.zhiliaoapp.musically'
    t =  2103.00s     Requesting snapshot of accessibility hierarchy for app with pid 3371
    t =  2103.05s Find the Application 'com.zhiliaoapp.musically'
    t =  2103.05s     Requesting snapshot of accessibility hierarchy for app with pid 3371
    t =  2103.11s Find the Application 'com.zhiliaoapp.musically'
    t =  2103.11s     Requesting snapshot of accessibility hierarchy for app with pid 3371
    t =  2103.15s Find the Application 'com.zhiliaoapp.musically'
    t =  2103.16s     Requesting snapshot of accessibility hierarchy for app with pid 3371
2026-08-22 01:01:05.056848+0200 WebDriverAgentRunner-Runner[3383:536655] Getting the most recent active application (out of 1 total items)
    t =  2109.67s Find the Application 'com.zhiliaoapp.musically'
    t =  2109.68s     Requesting snapshot of accessibility hierarchy for app with pid 3371
    t =  2109.73s Find the Application 'com.zhiliaoapp.musically'
    t =  2109.73s     Requesting snapshot of accessibility hierarchy for app with pid 3371
    t =  2109.78s Find the Application 'com.zhiliaoapp.musically'
    t =  2109.79s     Requesting snapshot of accessibility hierarchy for app with pid 3371
    t =  2109.83s Find the Application 'com.zhiliaoapp.musically'
    t =  2109.83s     Requesting snapshot of accessibility hierarchy for app with pid 3371
2026-08-22 01:01:20.030922+0200 WebDriverAgentRunner-Runner[3383:536655] Getting the most recent active application (out of 1 total items)
    t =  2124.64s Find the Application 'com.zhiliaoapp.musically'
    t =  2124.65s     Requesting snapshot of accessibility hierarchy for app with pid 3371
    t =  2124.70s Find the Application 'com.zhiliaoapp.musically'
    t =  2124.70s     Requesting snapshot of accessibility hierarchy for app with pid 3371
    t =  2124.75s Find the Application 'com.zhiliaoapp.musically'
    t =  2124.76s     Requesting snapshot of accessibility hierarchy for app with pid 3371
    t =  2124.79s Find the Application 'com.zhiliaoapp.musically'
    t =  2124.80s     Requesting snapshot of accessibility hierarchy for app with pid 3371
2026-08-22 01:01:40.535378+0200 WebDriverAgentRunner-Runner[3383:536655] Getting the most recent active application (out of 1 total items)
    t =  2145.15s Find the Application 'com.zhiliaoapp.musically'
    t =  2145.15s     Requesting snapshot of accessibility hierarchy for app with pid 3371
    t =  2145.21s Find the Application 'com.zhiliaoapp.musically'
    t =  2145.21s     Requesting snapshot of accessibility hierarchy for app with pid 3371
    t =  2145.26s Find the Application 'com.zhiliaoapp.musically'
    t =  2145.26s     Requesting snapshot of accessibility hierarchy for app with pid 3371
    t =  2145.30s Find the Application 'com.zhiliaoapp.musically'
    t =  2145.30s     Requesting snapshot of accessibility hierarchy for app with pid 3371
2026-08-22 01:01:48.280367+0200 WebDriverAgentRunner-Runner[3383:536655] Getting the most recent active application (out of 1 total items)
    t =  2152.90s Find the Application 'com.zhiliaoapp.musically'
    t =  2152.90s     Requesting snapshot of accessibility hierarchy for app with pid 3371
    t =  2152.94s Find the Application 'com.zhiliaoapp.musically'
    t =  2152.94s     Requesting snapshot of accessibility hierarchy for app with pid 3371
    t =  2152.99s Find the Application 'com.zhiliaoapp.musically'
    t =  2152.99s     Requesting snapshot of accessibility hierarchy for app with pid 3371
    t =  2153.03s Find the Application 'com.zhiliaoapp.musically'
    t =  2153.03s     Requesting snapshot of accessibility hierarchy for app with pid 3371
2026-08-22 01:02:06.982670+0200 WebDriverAgentRunner-Runner[3383:536655] Getting the most recent active application (out of 1 total items)
    t =  2171.60s Find the Application 'com.zhiliaoapp.musically'
    t =  2171.61s     Requesting snapshot of accessibility hierarchy for app with pid 3371
    t =  2171.65s Find the Application 'com.zhiliaoapp.musically'
    t =  2171.65s     Requesting snapshot of accessibility hierarchy for app with pid 3371
    t =  2171.71s Find the Application 'com.zhiliaoapp.musically'
    t =  2171.71s     Requesting snapshot of accessibility hierarchy for app with pid 3371
    t =  2171.76s Find the Application 'com.zhiliaoapp.musically'
    t =  2171.76s     Requesting snapshot of accessibility hierarchy for app with pid 3371
2026-08-22 01:02:17.088326+0200 WebDriverAgentRunner-Runner[3383:536655] Getting the most recent active application (out of 1 total items)
    t =  2181.70s Find the Application 'com.zhiliaoapp.musically'
    t =  2181.71s     Requesting snapshot of accessibility hierarchy for app with pid 3371
    t =  2181.75s Find the Application 'com.zhiliaoapp.musically'
    t =  2181.76s     Requesting snapshot of accessibility hierarchy for app with pid 3371
    t =  2181.81s Find the Application 'com.zhiliaoapp.musically'
    t =  2181.82s     Requesting snapshot of accessibility hierarchy for app with pid 3371
    t =  2181.86s Find the Application 'com.zhiliaoapp.musically'
    t =  2181.86s     Requesting snapshot of accessibility hierarchy for app with pid 3371
2026-08-22 01:02:22.967093+0200 WebDriverAgentRunner-Runner[3383:536655] Getting the most recent active application (out of 1 total items)
    t =  2187.58s Find the Application 'com.zhiliaoapp.musically'
    t =  2187.59s     Requesting snapshot of accessibility hierarchy for app with pid 3371
    t =  2187.65s Find the Application 'com.zhiliaoapp.musically'
    t =  2187.65s     Requesting snapshot of accessibility hierarchy for app with pid 3371
    t =  2187.70s Find the Application 'com.zhiliaoapp.musically'
    t =  2187.71s     Requesting snapshot of accessibility hierarchy for app with pid 3371
    t =  2187.74s Find the Application 'com.zhiliaoapp.musically'
    t =  2187.75s     Requesting snapshot of accessibility hierarchy for app with pid 3371
2026-08-22 01:02:27.891784+0200 WebDriverAgentRunner-Runner[3383:536655] Getting the most recent active application (out of 1 total items)
    t =  2192.51s Find the Application 'com.zhiliaoapp.musically'
    t =  2192.51s     Requesting snapshot of accessibility hierarchy for app with pid 3371
    t =  2192.56s Find the Application 'com.zhiliaoapp.musically'
    t =  2192.57s     Requesting snapshot of accessibility hierarchy for app with pid 3371
    t =  2192.62s Find the Application 'com.zhiliaoapp.musically'
    t =  2192.62s     Requesting snapshot of accessibility hierarchy for app with pid 3371
    t =  2192.66s Find the Application 'com.zhiliaoapp.musically'
    t =  2192.67s     Requesting snapshot of accessibility hierarchy for app with pid 3371
2026-08-22 01:02:34.136533+0200 WebDriverAgentRunner-Runner[3383:536655] Getting the most recent active application (out of 1 total items)
    t =  2198.75s Find the Application 'com.zhiliaoapp.musically'
    t =  2198.76s     Requesting snapshot of accessibility hierarchy for app with pid 3371
    t =  2198.80s Find the Application 'com.zhiliaoapp.musically'
    t =  2198.80s     Requesting snapshot of accessibility hierarchy for app with pid 3371
    t =  2198.86s Find the Application 'com.zhiliaoapp.musically'
    t =  2198.87s     Requesting snapshot of accessibility hierarchy for app with pid 3371
    t =  2198.91s Find the Application 'com.zhiliaoapp.musically'
    t =  2198.91s     Requesting snapshot of accessibility hierarchy for app with pid 3371
2026-08-22 01:02:37.984921+0200 WebDriverAgentRunner-Runner[3383:536655] Getting the most recent active application (out of 1 total items)
    t =  2202.60s Find the Application 'com.zhiliaoapp.musically'
    t =  2202.61s     Requesting snapshot of accessibility hierarchy for app with pid 3371
    t =  2202.65s Find the Application 'com.zhiliaoapp.musically'
    t =  2202.66s     Requesting snapshot of accessibility hierarchy for app with pid 3371
    t =  2202.72s Find the Application 'com.zhiliaoapp.musically'
    t =  2202.72s     Requesting snapshot of accessibility hierarchy for app with pid 3371
    t =  2202.77s Find the Application 'com.zhiliaoapp.musically'
    t =  2202.77s     Requesting snapshot of accessibility hierarchy for app with pid 3371
2026-08-22 01:02:47.002031+0200 WebDriverAgentRunner-Runner[3383:536655] Getting the most recent active application (out of 1 total items)
    t =  2211.62s Find the Application 'com.zhiliaoapp.musically'
    t =  2211.62s     Requesting snapshot of accessibility hierarchy for app with pid 3371
    t =  2211.67s Find the Application 'com.zhiliaoapp.musically'
    t =  2211.68s     Requesting snapshot of accessibility hierarchy for app with pid 3371
    t =  2211.73s Find the Application 'com.zhiliaoapp.musically'
    t =  2211.73s     Requesting snapshot of accessibility hierarchy for app with pid 3371
    t =  2211.77s Find the Application 'com.zhiliaoapp.musically'
    t =  2211.78s     Requesting snapshot of accessibility hierarchy for app with pid 3371
2026-08-22 01:03:05.077437+0200 WebDriverAgentRunner-Runner[3383:536655] Getting the most recent active application (out of 1 total items)
    t =  2229.69s Find the Application 'com.zhiliaoapp.musically'
    t =  2229.70s     Requesting snapshot of accessibility hierarchy for app with pid 3371
    t =  2229.75s Find the Application 'com.zhiliaoapp.musically'
    t =  2229.75s     Requesting snapshot of accessibility hierarchy for app with pid 3371
    t =  2229.80s Find the Application 'com.zhiliaoapp.musically'
    t =  2229.81s     Requesting snapshot of accessibility hierarchy for app with pid 3371
    t =  2229.85s Find the Application 'com.zhiliaoapp.musically'
    t =  2229.85s     Requesting snapshot of accessibility hierarchy for app with pid 3371
2026-08-22 01:03:11.830043+0200 WebDriverAgentRunner-Runner[3383:536655] Getting the most recent active application (out of 1 total items)
    t =  2236.44s Find the Application 'com.zhiliaoapp.musically'
    t =  2236.45s     Requesting snapshot of accessibility hierarchy for app with pid 3371
    t =  2236.51s Find the Application 'com.zhiliaoapp.musically'
    t =  2236.51s     Requesting snapshot of accessibility hierarchy for app with pid 3371
    t =  2236.56s Find the Application 'com.zhiliaoapp.musically'
    t =  2236.57s     Requesting snapshot of accessibility hierarchy for app with pid 3371
    t =  2236.60s Find the Application 'com.zhiliaoapp.musically'
    t =  2236.61s     Requesting snapshot of accessibility hierarchy for app with pid 3371
2026-08-22 01:03:21.854856+0200 WebDriverAgentRunner-Runner[3383:536655] Getting the most recent active application (out of 1 total items)
    t =  2246.47s Find the Application 'com.zhiliaoapp.musically'
    t =  2246.48s     Requesting snapshot of accessibility hierarchy for app with pid 3371
    t =  2246.53s Find the Application 'com.zhiliaoapp.musically'
    t =  2246.53s     Requesting snapshot of accessibility hierarchy for app with pid 3371
    t =  2246.58s Find the Application 'com.zhiliaoapp.musically'
    t =  2246.58s     Requesting snapshot of accessibility hierarchy for app with pid 3371
    t =  2246.63s Find the Application 'com.zhiliaoapp.musically'
    t =  2246.63s     Requesting snapshot of accessibility hierarchy for app with pid 3371
2026-08-22 01:03:42.203498+0200 WebDriverAgentRunner-Runner[3383:536655] Getting the most recent active application (out of 1 total items)
    t =  2266.82s Find the Application 'com.zhiliaoapp.musically'
    t =  2266.83s     Requesting snapshot of accessibility hierarchy for app with pid 3371
    t =  2266.88s Find the Application 'com.zhiliaoapp.musically'
    t =  2266.89s     Requesting snapshot of accessibility hierarchy for app with pid 3371
    t =  2266.94s Find the Application 'com.zhiliaoapp.musically'
    t =  2266.94s     Requesting snapshot of accessibility hierarchy for app with pid 3371
    t =  2266.98s Find the Application 'com.zhiliaoapp.musically'
    t =  2266.98s     Requesting snapshot of accessibility hierarchy for app with pid 3371
2026-08-22 01:03:46.969633+0200 WebDriverAgentRunner-Runner[3383:536655] Getting the most recent active application (out of 1 total items)
    t =  2271.58s Find the Application 'com.zhiliaoapp.musically'
    t =  2271.59s     Requesting snapshot of accessibility hierarchy for app with pid 3371
    t =  2271.64s Find the Application 'com.zhiliaoapp.musically'
    t =  2271.64s     Requesting snapshot of accessibility hierarchy for app with pid 3371
    t =  2271.70s Find the Application 'com.zhiliaoapp.musically'
    t =  2271.70s     Requesting snapshot of accessibility hierarchy for app with pid 3371
    t =  2271.74s Find the Application 'com.zhiliaoapp.musically'
    t =  2271.74s     Requesting snapshot of accessibility hierarchy for app with pid 3371
2026-08-22 01:04:06.049262+0200 WebDriverAgentRunner-Runner[3383:536655] Getting the most recent active application (out of 1 total items)
    t =  2290.67s Find the Application 'com.zhiliaoapp.musically'
    t =  2290.67s     Requesting snapshot of accessibility hierarchy for app with pid 3371
    t =  2290.72s Find the Application 'com.zhiliaoapp.musically'
    t =  2290.73s     Requesting snapshot of accessibility hierarchy for app with pid 3371
    t =  2290.78s Find the Application 'com.zhiliaoapp.musically'
    t =  2290.79s     Requesting snapshot of accessibility hierarchy for app with pid 3371
    t =  2290.82s Find the Application 'com.zhiliaoapp.musically'
    t =  2290.83s     Requesting snapshot of accessibility hierarchy for app with pid 3371
2026-08-22 01:04:10.682622+0200 WebDriverAgentRunner-Runner[3383:536655] Getting the most recent active application (out of 1 total items)
    t =  2295.30s Find the Application 'com.zhiliaoapp.musically'
    t =  2295.31s     Requesting snapshot of accessibility hierarchy for app with pid 3371
    t =  2295.36s Find the Application 'com.zhiliaoapp.musically'
    t =  2295.36s     Requesting snapshot of accessibility hierarchy for app with pid 3371
    t =  2295.42s Find the Application 'com.zhiliaoapp.musically'
    t =  2295.42s     Requesting snapshot of accessibility hierarchy for app with pid 3371
    t =  2295.47s Find the Application 'com.zhiliaoapp.musically'
    t =  2295.47s     Requesting snapshot of accessibility hierarchy for app with pid 3371
2026-08-22 01:04:15.382645+0200 WebDriverAgentRunner-Runner[3383:536655] Getting the most recent active application (out of 1 total items)
    t =  2300.00s Find the Application 'com.zhiliaoapp.musically'
    t =  2300.00s     Requesting snapshot of accessibility hierarchy for app with pid 3371
    t =  2300.05s Find the Application 'com.zhiliaoapp.musically'
    t =  2300.05s     Requesting snapshot of accessibility hierarchy for app with pid 3371
    t =  2300.11s Find the Application 'com.zhiliaoapp.musically'
    t =  2300.11s     Requesting snapshot of accessibility hierarchy for app with pid 3371
    t =  2300.16s Find the Application 'com.zhiliaoapp.musically'
    t =  2300.16s     Requesting snapshot of accessibility hierarchy for app with pid 3371
2026-08-22 01:04:20.882915+0200 WebDriverAgentRunner-Runner[3383:536655] Getting the most recent active application (out of 1 total items)
    t =  2305.49s Find the Application 'com.zhiliaoapp.musically'
    t =  2305.50s     Requesting snapshot of accessibility hierarchy for app with pid 3371
    t =  2305.55s Find the Application 'com.zhiliaoapp.musically'
    t =  2305.55s     Requesting snapshot of accessibility hierarchy for app with pid 3371
    t =  2305.61s Find the Application 'com.zhiliaoapp.musically'
    t =  2305.61s     Requesting snapshot of accessibility hierarchy for app with pid 3371
    t =  2305.65s Find the Application 'com.zhiliaoapp.musically'
    t =  2305.66s     Requesting snapshot of accessibility hierarchy for app with pid 3371
2026-08-22 01:04:38.453764+0200 WebDriverAgentRunner-Runner[3383:536655] Getting the most recent active application (out of 1 total items)
    t =  2323.07s Find the Application 'com.zhiliaoapp.musically'
    t =  2323.08s     Requesting snapshot of accessibility hierarchy for app with pid 3371
    t =  2323.12s Find the Application 'com.zhiliaoapp.musically'
    t =  2323.13s     Requesting snapshot of accessibility hierarchy for app with pid 3371
    t =  2323.17s Find the Application 'com.zhiliaoapp.musically'
    t =  2323.17s     Requesting snapshot of accessibility hierarchy for app with pid 3371
    t =  2323.20s Find the Application 'com.zhiliaoapp.musically'
    t =  2323.21s     Requesting snapshot of accessibility hierarchy for app with pid 3371
2026-08-22 01:04:42.175441+0200 WebDriverAgentRunner-Runner[3383:536655] Getting the most recent active application (out of 1 total items)
    t =  2326.79s Find the Application 'com.zhiliaoapp.musically'
    t =  2326.79s     Requesting snapshot of accessibility hierarchy for app with pid 3371
    t =  2326.84s Find the Application 'com.zhiliaoapp.musically'
    t =  2326.85s     Requesting snapshot of accessibility hierarchy for app with pid 3371
    t =  2326.91s Find the Application 'com.zhiliaoapp.musically'
    t =  2326.91s     Requesting snapshot of accessibility hierarchy for app with pid 3371
    t =  2326.95s Find the Application 'com.zhiliaoapp.musically'
    t =  2326.95s     Requesting snapshot of accessibility hierarchy for app with pid 3371
2026-08-22 01:04:47.077713+0200 WebDriverAgentRunner-Runner[3383:536655] Getting the most recent active application (out of 1 total items)
    t =  2331.69s Find the Application 'com.zhiliaoapp.musically'
    t =  2331.70s     Requesting snapshot of accessibility hierarchy for app with pid 3371
    t =  2331.75s Find the Application 'com.zhiliaoapp.musically'
    t =  2331.75s     Requesting snapshot of accessibility hierarchy for app with pid 3371
    t =  2331.81s Find the Application 'com.zhiliaoapp.musically'
    t =  2331.81s     Requesting snapshot of accessibility hierarchy for app with pid 3371
    t =  2331.85s Find the Application 'com.zhiliaoapp.musically'
    t =  2331.85s     Requesting snapshot of accessibility hierarchy for app with pid 3371
2026-08-22 01:04:52.184731+0200 WebDriverAgentRunner-Runner[3383:536655] Getting the most recent active application (out of 1 total items)
    t =  2336.80s Find the Application 'com.zhiliaoapp.musically'
    t =  2336.81s     Requesting snapshot of accessibility hierarchy for app with pid 3371
    t =  2336.86s Find the Application 'com.zhiliaoapp.musically'
    t =  2336.87s     Requesting snapshot of accessibility hierarchy for app with pid 3371
    t =  2336.92s Find the Application 'com.zhiliaoapp.musically'
    t =  2336.92s     Requesting snapshot of accessibility hierarchy for app with pid 3371
    t =  2336.96s Find the Application 'com.zhiliaoapp.musically'
    t =  2336.96s     Requesting snapshot of accessibility hierarchy for app with pid 3371
2026-08-22 01:04:58.120870+0200 WebDriverAgentRunner-Runner[3383:536655] Getting the most recent active application (out of 1 total items)
    t =  2342.73s Find the Application 'com.zhiliaoapp.musically'
    t =  2342.74s     Requesting snapshot of accessibility hierarchy for app with pid 3371
    t =  2342.79s Find the Application 'com.zhiliaoapp.musically'
    t =  2342.79s     Requesting snapshot of accessibility hierarchy for app with pid 3371
    t =  2342.85s Find the Application 'com.zhiliaoapp.musically'
    t =  2342.85s     Requesting snapshot of accessibility hierarchy for app with pid 3371
    t =  2342.89s Find the Application 'com.zhiliaoapp.musically'
    t =  2342.89s     Requesting snapshot of accessibility hierarchy for app with pid 3371
2026-08-22 01:05:03.897753+0200 WebDriverAgentRunner-Runner[3383:536655] Getting the most recent active application (out of 1 total items)
    t =  2348.51s Find the Application 'com.zhiliaoapp.musically'
    t =  2348.52s     Requesting snapshot of accessibility hierarchy for app with pid 3371
    t =  2348.55s Find the Application 'com.zhiliaoapp.musically'
    t =  2348.55s     Requesting snapshot of accessibility hierarchy for app with pid 3371
    t =  2348.58s Find the Application 'com.zhiliaoapp.musically'
    t =  2348.59s     Requesting snapshot of accessibility hierarchy for app with pid 3371
    t =  2348.62s Find the Application 'com.zhiliaoapp.musically'
    t =  2348.62s     Requesting snapshot of accessibility hierarchy for app with pid 3371
2026-08-22 01:05:10.776385+0200 WebDriverAgentRunner-Runner[3383:536655] Getting the most recent active application (out of 1 total items)
    t =  2355.39s Find the Application 'com.zhiliaoapp.musically'
    t =  2355.40s     Requesting snapshot of accessibility hierarchy for app with pid 3371
    t =  2355.45s Find the Application 'com.zhiliaoapp.musically'
    t =  2355.46s     Requesting snapshot of accessibility hierarchy for app with pid 3371
    t =  2355.52s Find the Application 'com.zhiliaoapp.musically'
    t =  2355.52s     Requesting snapshot of accessibility hierarchy for app with pid 3371
    t =  2355.56s Find the Application 'com.zhiliaoapp.musically'
    t =  2355.56s     Requesting snapshot of accessibility hierarchy for app with pid 3371
2026-08-22 01:05:14.562795+0200 WebDriverAgentRunner-Runner[3383:536655] Getting the most recent active application (out of 1 total items)
    t =  2359.18s Find the Application 'com.zhiliaoapp.musically'
    t =  2359.19s     Requesting snapshot of accessibility hierarchy for app with pid 3371
    t =  2359.23s Find the Application 'com.zhiliaoapp.musically'
    t =  2359.23s     Requesting snapshot of accessibility hierarchy for app with pid 3371
    t =  2359.28s Find the Application 'com.zhiliaoapp.musically'
    t =  2359.29s     Requesting snapshot of accessibility hierarchy for app with pid 3371
    t =  2359.33s Find the Application 'com.zhiliaoapp.musically'
    t =  2359.33s     Requesting snapshot of accessibility hierarchy for app with pid 3371
2026-08-22 01:05:25.375253+0200 WebDriverAgentRunner-Runner[3383:536655] Getting the most recent active application (out of 1 total items)
    t =  2370.10s Find the Application 'com.zhiliaoapp.musically'
    t =  2370.12s     Requesting snapshot of accessibility hierarchy for app with pid 3371
    t =  2370.19s Find the Application 'com.zhiliaoapp.musically'
    t =  2370.19s     Requesting snapshot of accessibility hierarchy for app with pid 3371
    t =  2370.24s Find the Application 'com.zhiliaoapp.musically'
    t =  2370.24s     Requesting snapshot of accessibility hierarchy for app with pid 3371
    t =  2370.28s Find the Application 'com.zhiliaoapp.musically'
    t =  2370.28s     Requesting snapshot of accessibility hierarchy for app with pid 3371
2026-08-22 01:05:41.843701+0200 WebDriverAgentRunner-Runner[3383:536655] Getting the most recent active application (out of 1 total items)
    t =  2386.46s Find the Application 'com.zhiliaoapp.musically'
    t =  2386.47s     Requesting snapshot of accessibility hierarchy for app with pid 3371
    t =  2386.52s Find the Application 'com.zhiliaoapp.musically'
    t =  2386.53s     Requesting snapshot of accessibility hierarchy for app with pid 3371
    t =  2386.58s Find the Application 'com.zhiliaoapp.musically'
    t =  2386.59s     Requesting snapshot of accessibility hierarchy for app with pid 3371
    t =  2386.63s Find the Application 'com.zhiliaoapp.musically'
    t =  2386.63s     Requesting snapshot of accessibility hierarchy for app with pid 3371
2026-08-22 01:05:45.888663+0200 WebDriverAgentRunner-Runner[3383:536655] Getting the most recent active application (out of 1 total items)
    t =  2390.50s Find the Application 'com.zhiliaoapp.musically'
    t =  2390.50s     Requesting snapshot of accessibility hierarchy for app with pid 3371
    t =  2390.56s Find the Application 'com.zhiliaoapp.musically'
    t =  2390.56s     Requesting snapshot of accessibility hierarchy for app with pid 3371
    t =  2390.61s Find the Application 'com.zhiliaoapp.musically'
    t =  2390.61s     Requesting snapshot of accessibility hierarchy for app with pid 3371
    t =  2390.66s Find the Application 'com.zhiliaoapp.musically'
    t =  2390.66s     Requesting snapshot of accessibility hierarchy for app with pid 3371
2026-08-22 01:05:51.913695+0200 WebDriverAgentRunner-Runner[3383:536655] Getting the most recent active application (out of 1 total items)
    t =  2396.53s Find the Application 'com.zhiliaoapp.musically'
    t =  2396.53s     Requesting snapshot of accessibility hierarchy for app with pid 3371
    t =  2396.58s Find the Application 'com.zhiliaoapp.musically'
    t =  2396.58s     Requesting snapshot of accessibility hierarchy for app with pid 3371
    t =  2396.62s Find the Application 'com.zhiliaoapp.musically'
    t =  2396.62s     Requesting snapshot of accessibility hierarchy for app with pid 3371
    t =  2396.66s Find the Application 'com.zhiliaoapp.musically'
    t =  2396.66s     Requesting snapshot of accessibility hierarchy for app with pid 3371
2026-08-22 01:06:07.292504+0200 WebDriverAgentRunner-Runner[3383:536655] Getting the most recent active application (out of 1 total items)
    t =  2411.91s Find the Application 'com.zhiliaoapp.musically'
    t =  2411.91s     Requesting snapshot of accessibility hierarchy for app with pid 3371
    t =  2411.97s Find the Application 'com.zhiliaoapp.musically'
    t =  2411.97s     Requesting snapshot of accessibility hierarchy for app with pid 3371
    t =  2412.02s Find the Application 'com.zhiliaoapp.musically'
    t =  2412.02s     Requesting snapshot of accessibility hierarchy for app with pid 3371
    t =  2412.06s Find the Application 'com.zhiliaoapp.musically'
    t =  2412.06s     Requesting snapshot of accessibility hierarchy for app with pid 3371
2026-08-22 01:06:26.123494+0200 WebDriverAgentRunner-Runner[3383:536655] Getting the most recent active application (out of 1 total items)
    t =  2430.74s Find the Application 'com.zhiliaoapp.musically'
    t =  2430.75s     Requesting snapshot of accessibility hierarchy for app with pid 3371
    t =  2430.81s Find the Application 'com.zhiliaoapp.musically'
    t =  2430.81s     Requesting snapshot of accessibility hierarchy for app with pid 3371
    t =  2430.86s Find the Application 'com.zhiliaoapp.musically'
    t =  2430.87s     Requesting snapshot of accessibility hierarchy for app with pid 3371
    t =  2430.91s Find the Application 'com.zhiliaoapp.musically'
    t =  2430.91s     Requesting snapshot of accessibility hierarchy for app with pid 3371
2026-08-22 01:06:31.201303+0200 WebDriverAgentRunner-Runner[3383:536655] Getting the most recent active application (out of 1 total items)
    t =  2435.82s Find the Application 'com.zhiliaoapp.musically'
    t =  2435.82s     Requesting snapshot of accessibility hierarchy for app with pid 3371
    t =  2435.87s Find the Application 'com.zhiliaoapp.musically'
    t =  2435.87s     Requesting snapshot of accessibility hierarchy for app with pid 3371
    t =  2435.92s Find the Application 'com.zhiliaoapp.musically'
    t =  2435.93s     Requesting snapshot of accessibility hierarchy for app with pid 3371
    t =  2435.97s Find the Application 'com.zhiliaoapp.musically'
    t =  2435.97s     Requesting snapshot of accessibility hierarchy for app with pid 3371
2026-08-22 01:06:40.037183+0200 WebDriverAgentRunner-Runner[3383:536655] Getting the most recent active application (out of 1 total items)
    t =  2444.65s Find the Application 'com.zhiliaoapp.musically'
    t =  2444.66s     Requesting snapshot of accessibility hierarchy for app with pid 3371
    t =  2444.71s Find the Application 'com.zhiliaoapp.musically'
    t =  2444.72s     Requesting snapshot of accessibility hierarchy for app with pid 3371
    t =  2444.77s Find the Application 'com.zhiliaoapp.musically'
    t =  2444.77s     Requesting snapshot of accessibility hierarchy for app with pid 3371
    t =  2444.81s Find the Application 'com.zhiliaoapp.musically'
    t =  2444.81s     Requesting snapshot of accessibility hierarchy for app with pid 3371
2026-08-22 01:06:47.888698+0200 WebDriverAgentRunner-Runner[3383:536655] Getting the most recent active application (out of 1 total items)
    t =  2452.50s Find the Application 'com.zhiliaoapp.musically'
    t =  2452.51s     Requesting snapshot of accessibility hierarchy for app with pid 3371
    t =  2452.56s Find the Application 'com.zhiliaoapp.musically'
    t =  2452.56s     Requesting snapshot of accessibility hierarchy for app with pid 3371
    t =  2452.62s Find the Application 'com.zhiliaoapp.musically'
    t =  2452.62s     Requesting snapshot of accessibility hierarchy for app with pid 3371
    t =  2452.66s Find the Application 'com.zhiliaoapp.musically'
    t =  2452.66s     Requesting snapshot of accessibility hierarchy for app with pid 3371
2026-08-22 01:06:53.749181+0200 WebDriverAgentRunner-Runner[3383:536655] Getting the most recent active application (out of 1 total items)
    t =  2458.37s Find the Application 'com.zhiliaoapp.musically'
    t =  2458.38s     Requesting snapshot of accessibility hierarchy for app with pid 3371
    t =  2458.44s Find the Application 'com.zhiliaoapp.musically'
    t =  2458.44s     Requesting snapshot of accessibility hierarchy for app with pid 3371
    t =  2458.50s Find the Application 'com.zhiliaoapp.musically'
    t =  2458.50s     Requesting snapshot of accessibility hierarchy for app with pid 3371
    t =  2458.55s Find the Application 'com.zhiliaoapp.musically'
    t =  2458.55s     Requesting snapshot of accessibility hierarchy for app with pid 3371
2026-08-22 01:07:02.493026+0200 WebDriverAgentRunner-Runner[3383:536655] Getting the most recent active application (out of 1 total items)
    t =  2467.22s Find the Application 'com.zhiliaoapp.musically'
    t =  2467.24s     Requesting snapshot of accessibility hierarchy for app with pid 3371
    t =  2467.29s Find the Application 'com.zhiliaoapp.musically'
    t =  2467.30s     Requesting snapshot of accessibility hierarchy for app with pid 3371
    t =  2467.35s Find the Application 'com.zhiliaoapp.musically'
    t =  2467.36s     Requesting snapshot of accessibility hierarchy for app with pid 3371
    t =  2467.40s Find the Application 'com.zhiliaoapp.musically'
    t =  2467.40s     Requesting snapshot of accessibility hierarchy for app with pid 3371
2026-08-22 01:07:10.610929+0200 WebDriverAgentRunner-Runner[3383:536655] Getting the most recent active application (out of 1 total items)
    t =  2475.23s Find the Application 'com.zhiliaoapp.musically'
    t =  2475.23s     Requesting snapshot of accessibility hierarchy for app with pid 3371
    t =  2475.31s Find the Application 'com.zhiliaoapp.musically'
    t =  2475.31s     Requesting snapshot of accessibility hierarchy for app with pid 3371
    t =  2475.39s Find the Application 'com.zhiliaoapp.musically'
    t =  2475.39s     Requesting snapshot of accessibility hierarchy for app with pid 3371
    t =  2475.45s Find the Application 'com.zhiliaoapp.musically'
    t =  2475.45s     Requesting snapshot of accessibility hierarchy for app with pid 3371
2026-08-22 01:07:19.675408+0200 WebDriverAgentRunner-Runner[3383:536655] Getting the most recent active application (out of 1 total items)
    t =  2484.29s Find the Application 'com.zhiliaoapp.musically'
    t =  2484.29s     Requesting snapshot of accessibility hierarchy for app with pid 3371
    t =  2484.37s Find the Application 'com.zhiliaoapp.musically'
    t =  2484.37s     Requesting snapshot of accessibility hierarchy for app with pid 3371
    t =  2484.45s Find the Application 'com.zhiliaoapp.musically'
    t =  2484.46s     Requesting snapshot of accessibility hierarchy for app with pid 3371
    t =  2484.52s Find the Application 'com.zhiliaoapp.musically'
    t =  2484.53s     Requesting snapshot of accessibility hierarchy for app with pid 3371
2026-08-22 01:07:26.437166+0200 WebDriverAgentRunner-Runner[3383:536655] Getting the most recent active application (out of 1 total items)
    t =  2491.05s Find the Application 'com.zhiliaoapp.musically'
    t =  2491.06s     Requesting snapshot of accessibility hierarchy for app with pid 3371
    t =  2491.14s Find the Application 'com.zhiliaoapp.musically'
    t =  2491.14s     Requesting snapshot of accessibility hierarchy for app with pid 3371
    t =  2491.22s Find the Application 'com.zhiliaoapp.musically'
    t =  2491.22s     Requesting snapshot of accessibility hierarchy for app with pid 3371
    t =  2491.28s Find the Application 'com.zhiliaoapp.musically'
    t =  2491.29s     Requesting snapshot of accessibility hierarchy for app with pid 3371
2026-08-22 01:07:30.268558+0200 WebDriverAgentRunner-Runner[3383:536655] Getting the most recent active application (out of 1 total items)
    t =  2494.88s Find the Application 'com.zhiliaoapp.musically'
    t =  2494.89s     Requesting snapshot of accessibility hierarchy for app with pid 3371
    t =  2494.97s Find the Application 'com.zhiliaoapp.musically'
    t =  2494.97s     Requesting snapshot of accessibility hierarchy for app with pid 3371
    t =  2495.05s Find the Application 'com.zhiliaoapp.musically'
    t =  2495.05s     Requesting snapshot of accessibility hierarchy for app with pid 3371
    t =  2495.11s Find the Application 'com.zhiliaoapp.musically'
    t =  2495.11s     Requesting snapshot of accessibility hierarchy for app with pid 3371
2026-08-22 01:07:49.326352+0200 WebDriverAgentRunner-Runner[3383:536655] Getting the most recent active application (out of 1 total items)
    t =  2513.94s Find the Application 'com.zhiliaoapp.musically'
    t =  2513.95s     Requesting snapshot of accessibility hierarchy for app with pid 3371
    t =  2514.04s Find the Application 'com.zhiliaoapp.musically'
    t =  2514.04s     Requesting snapshot of accessibility hierarchy for app with pid 3371
    t =  2514.12s Find the Application 'com.zhiliaoapp.musically'
    t =  2514.12s     Requesting snapshot of accessibility hierarchy for app with pid 3371
    t =  2514.18s Find the Application 'com.zhiliaoapp.musically'
    t =  2514.19s     Requesting snapshot of accessibility hierarchy for app with pid 3371
2026-08-22 01:07:54.928567+0200 WebDriverAgentRunner-Runner[3383:536655] Getting the most recent active application (out of 1 total items)
    t =  2519.54s Find the Application 'com.zhiliaoapp.musically'
    t =  2519.55s     Requesting snapshot of accessibility hierarchy for app with pid 3371
    t =  2519.63s Find the Application 'com.zhiliaoapp.musically'
    t =  2519.63s     Requesting snapshot of accessibility hierarchy for app with pid 3371
    t =  2519.70s Find the Application 'com.zhiliaoapp.musically'
    t =  2519.70s     Requesting snapshot of accessibility hierarchy for app with pid 3371
    t =  2519.77s Find the Application 'com.zhiliaoapp.musically'
    t =  2519.77s     Requesting snapshot of accessibility hierarchy for app with pid 3371
2026-08-22 01:08:08.552880+0200 WebDriverAgentRunner-Runner[3383:536655] Getting the most recent active application (out of 1 total items)
    t =  2533.17s Find the Application 'com.zhiliaoapp.musically'
    t =  2533.17s     Requesting snapshot of accessibility hierarchy for app with pid 3371
    t =  2533.24s Find the Application 'com.zhiliaoapp.musically'
    t =  2533.25s     Requesting snapshot of accessibility hierarchy for app with pid 3371
    t =  2533.28s Find the Application 'com.zhiliaoapp.musically'
    t =  2533.29s     Requesting snapshot of accessibility hierarchy for app with pid 3371
    t =  2533.33s Find the Application 'com.zhiliaoapp.musically'
    t =  2533.33s     Requesting snapshot of accessibility hierarchy for app with pid 3371
2026-08-22 01:08:16.267079+0200 WebDriverAgentRunner-Runner[3383:536655] Getting the most recent active application (out of 1 total items)
    t =  2540.88s Find the Application 'com.zhiliaoapp.musically'
    t =  2541.00s     Requesting snapshot of accessibility hierarchy for app with pid 3371
    t =  2541.10s Find the Application 'com.zhiliaoapp.musically'
    t =  2541.10s     Requesting snapshot of accessibility hierarchy for app with pid 3371
    t =  2541.18s Find the Application 'com.zhiliaoapp.musically'
    t =  2541.18s     Requesting snapshot of accessibility hierarchy for app with pid 3371
    t =  2541.24s Find the Application 'com.zhiliaoapp.musically'
    t =  2541.25s     Requesting snapshot of accessibility hierarchy for app with pid 3371
2026-08-22 01:08:20.271644+0200 WebDriverAgentRunner-Runner[3383:536655] Getting the most recent active application (out of 1 total items)
    t =  2544.89s Find the Application 'com.zhiliaoapp.musically'
    t =  2544.89s     Requesting snapshot of accessibility hierarchy for app with pid 3371
    t =  2544.97s Find the Application 'com.zhiliaoapp.musically'
    t =  2544.97s     Requesting snapshot of accessibility hierarchy for app with pid 3371
    t =  2545.05s Find the Application 'com.zhiliaoapp.musically'
    t =  2545.06s     Requesting snapshot of accessibility hierarchy for app with pid 3371
    t =  2545.12s Find the Application 'com.zhiliaoapp.musically'
    t =  2545.12s     Requesting snapshot of accessibility hierarchy for app with pid 3371
2026-08-22 01:08:26.447024+0200 WebDriverAgentRunner-Runner[3383:536655] Getting the most recent active application (out of 1 total items)
    t =  2551.06s Find the Application 'com.zhiliaoapp.musically'
    t =  2551.07s     Requesting snapshot of accessibility hierarchy for app with pid 3371
    t =  2551.13s Find the Application 'com.zhiliaoapp.musically'
    t =  2551.13s     Requesting snapshot of accessibility hierarchy for app with pid 3371
    t =  2551.20s Find the Application 'com.zhiliaoapp.musically'
    t =  2551.20s     Requesting snapshot of accessibility hierarchy for app with pid 3371
    t =  2551.25s Find the Application 'com.zhiliaoapp.musically'
    t =  2551.25s     Requesting snapshot of accessibility hierarchy for app with pid 3371
2026-08-22 01:08:32.142702+0200 WebDriverAgentRunner-Runner[3383:536655] Getting the most recent active application (out of 1 total items)
    t =  2556.76s Find the Application 'com.zhiliaoapp.musically'
    t =  2556.76s     Requesting snapshot of accessibility hierarchy for app with pid 3371
    t =  2556.84s Find the Application 'com.zhiliaoapp.musically'
    t =  2556.84s     Requesting snapshot of accessibility hierarchy for app with pid 3371
    t =  2556.91s Find the Application 'com.zhiliaoapp.musically'
    t =  2556.92s     Requesting snapshot of accessibility hierarchy for app with pid 3371
    t =  2556.98s Find the Application 'com.zhiliaoapp.musically'
    t =  2556.98s     Requesting snapshot of accessibility hierarchy for app with pid 3371
2026-08-22 01:08:50.672044+0200 WebDriverAgentRunner-Runner[3383:536655] Getting the most recent active application (out of 1 total items)
    t =  2575.29s Find the Application 'com.zhiliaoapp.musically'
    t =  2575.29s     Requesting snapshot of accessibility hierarchy for app with pid 3371
    t =  2575.37s Find the Application 'com.zhiliaoapp.musically'
    t =  2575.38s     Requesting snapshot of accessibility hierarchy for app with pid 3371
    t =  2575.45s Find the Application 'com.zhiliaoapp.musically'
    t =  2575.45s     Requesting snapshot of accessibility hierarchy for app with pid 3371
    t =  2575.51s Find the Application 'com.zhiliaoapp.musically'
    t =  2575.51s     Requesting snapshot of accessibility hierarchy for app with pid 3371
2026-08-22 01:08:55.266439+0200 WebDriverAgentRunner-Runner[3383:536655] Getting the most recent active application (out of 1 total items)
    t =  2579.88s Find the Application 'com.zhiliaoapp.musically'
    t =  2579.88s     Requesting snapshot of accessibility hierarchy for app with pid 3371
    t =  2579.95s Find the Application 'com.zhiliaoapp.musically'
    t =  2579.96s     Requesting snapshot of accessibility hierarchy for app with pid 3371
    t =  2580.02s Find the Application 'com.zhiliaoapp.musically'
    t =  2580.02s     Requesting snapshot of accessibility hierarchy for app with pid 3371
    t =  2580.07s Find the Application 'com.zhiliaoapp.musically'
    t =  2580.08s     Requesting snapshot of accessibility hierarchy for app with pid 3371
2026-08-22 01:09:05.370715+0200 WebDriverAgentRunner-Runner[3383:536655] Getting the most recent active application (out of 1 total items)
    t =  2589.99s Find the Application 'com.zhiliaoapp.musically'
    t =  2589.99s     Requesting snapshot of accessibility hierarchy for app with pid 3371
    t =  2590.07s Find the Application 'com.zhiliaoapp.musically'
    t =  2590.07s     Requesting snapshot of accessibility hierarchy for app with pid 3371
    t =  2590.15s Find the Application 'com.zhiliaoapp.musically'
    t =  2590.15s     Requesting snapshot of accessibility hierarchy for app with pid 3371
    t =  2590.22s Find the Application 'com.zhiliaoapp.musically'
    t =  2590.22s     Requesting snapshot of accessibility hierarchy for app with pid 3371
2026-08-22 01:09:11.114468+0200 WebDriverAgentRunner-Runner[3383:536655] Getting the most recent active application (out of 1 total items)
    t =  2595.73s Find the Application 'com.zhiliaoapp.musically'
    t =  2595.74s     Requesting snapshot of accessibility hierarchy for app with pid 3371
    t =  2595.81s Find the Application 'com.zhiliaoapp.musically'
    t =  2595.82s     Requesting snapshot of accessibility hierarchy for app with pid 3371
    t =  2595.89s Find the Application 'com.zhiliaoapp.musically'
    t =  2595.90s     Requesting snapshot of accessibility hierarchy for app with pid 3371
    t =  2595.97s Find the Application 'com.zhiliaoapp.musically'
    t =  2595.97s     Requesting snapshot of accessibility hierarchy for app with pid 3371
2026-08-22 01:09:26.353923+0200 WebDriverAgentRunner-Runner[3383:536655] Getting the most recent active application (out of 1 total items)
    t =  2610.97s Find the Application 'com.zhiliaoapp.musically'
    t =  2610.98s     Requesting snapshot of accessibility hierarchy for app with pid 3371
    t =  2611.05s Find the Application 'com.zhiliaoapp.musically'
    t =  2611.05s     Requesting snapshot of accessibility hierarchy for app with pid 3371
    t =  2611.13s Find the Application 'com.zhiliaoapp.musically'
    t =  2611.14s     Requesting snapshot of accessibility hierarchy for app with pid 3371
    t =  2611.20s Find the Application 'com.zhiliaoapp.musically'
    t =  2611.20s     Requesting snapshot of accessibility hierarchy for app with pid 3371
2026-08-22 01:09:31.272344+0200 WebDriverAgentRunner-Runner[3383:536655] Getting the most recent active application (out of 1 total items)
    t =  2615.89s Find the Application 'com.zhiliaoapp.musically'
    t =  2615.89s     Requesting snapshot of accessibility hierarchy for app with pid 3371
    t =  2615.97s Find the Application 'com.zhiliaoapp.musically'
    t =  2615.97s     Requesting snapshot of accessibility hierarchy for app with pid 3371
    t =  2616.05s Find the Application 'com.zhiliaoapp.musically'
    t =  2616.05s     Requesting snapshot of accessibility hierarchy for app with pid 3371
    t =  2616.12s Find the Application 'com.zhiliaoapp.musically'
    t =  2616.12s     Requesting snapshot of accessibility hierarchy for app with pid 3371
2026-08-22 01:09:53.181563+0200 WebDriverAgentRunner-Runner[3383:536655] Getting the most recent active application (out of 1 total items)
    t =  2637.80s Find the Application 'com.zhiliaoapp.musically'
    t =  2637.81s     Requesting snapshot of accessibility hierarchy for app with pid 3371
    t =  2637.89s Find the Application 'com.zhiliaoapp.musically'
    t =  2637.89s     Requesting snapshot of accessibility hierarchy for app with pid 3371
    t =  2637.97s Find the Application 'com.zhiliaoapp.musically'
    t =  2637.98s     Requesting snapshot of accessibility hierarchy for app with pid 3371
    t =  2638.05s Find the Application 'com.zhiliaoapp.musically'
    t =  2638.05s     Requesting snapshot of accessibility hierarchy for app with pid 3371
2026-08-22 01:10:00.264402+0200 WebDriverAgentRunner-Runner[3383:536655] Getting the most recent active application (out of 1 total items)
    t =  2644.88s Find the Application 'com.zhiliaoapp.musically'
    t =  2644.88s     Requesting snapshot of accessibility hierarchy for app with pid 3371
    t =  2644.96s Find the Application 'com.zhiliaoapp.musically'
    t =  2644.96s     Requesting snapshot of accessibility hierarchy for app with pid 3371
    t =  2645.04s Find the Application 'com.zhiliaoapp.musically'
    t =  2645.04s     Requesting snapshot of accessibility hierarchy for app with pid 3371
    t =  2645.11s Find the Application 'com.zhiliaoapp.musically'
    t =  2645.11s     Requesting snapshot of accessibility hierarchy for app with pid 3371
2026-08-22 01:10:28.039183+0200 WebDriverAgentRunner-Runner[3383:536655] Getting the most recent active application (out of 1 total items)
    t =  2672.65s Find the Application 'com.zhiliaoapp.musically'
    t =  2672.66s     Requesting snapshot of accessibility hierarchy for app with pid 3371
    t =  2672.73s Find the Application 'com.zhiliaoapp.musically'
    t =  2672.74s     Requesting snapshot of accessibility hierarchy for app with pid 3371
    t =  2672.82s Find the Application 'com.zhiliaoapp.musically'
    t =  2672.82s     Requesting snapshot of accessibility hierarchy for app with pid 3371
    t =  2672.88s Find the Application 'com.zhiliaoapp.musically'
    t =  2672.89s     Requesting snapshot of accessibility hierarchy for app with pid 3371
2026-08-22 01:10:42.772249+0200 WebDriverAgentRunner-Runner[3383:536655] Getting the most recent active application (out of 1 total items)
    t =  2687.39s Find the Application 'com.zhiliaoapp.musically'
    t =  2687.40s     Requesting snapshot of accessibility hierarchy for app with pid 3371
    t =  2687.48s Find the Application 'com.zhiliaoapp.musically'
    t =  2687.49s     Requesting snapshot of accessibility hierarchy for app with pid 3371
    t =  2687.56s Find the Application 'com.zhiliaoapp.musically'
    t =  2687.56s     Requesting snapshot of accessibility hierarchy for app with pid 3371
    t =  2687.61s Find the Application 'com.zhiliaoapp.musically'
    t =  2687.62s     Requesting snapshot of accessibility hierarchy for app with pid 3371
2026-08-22 01:10:55.932831+0200 WebDriverAgentRunner-Runner[3383:536655] Getting the most recent active application (out of 1 total items)
    t =  2700.55s Find the Application 'com.zhiliaoapp.musically'
    t =  2700.55s     Requesting snapshot of accessibility hierarchy for app with pid 3371
    t =  2700.65s Find the Application 'com.zhiliaoapp.musically'
    t =  2700.66s     Requesting snapshot of accessibility hierarchy for app with pid 3371
    t =  2700.70s Find the Application 'com.zhiliaoapp.musically'
    t =  2700.70s     Requesting snapshot of accessibility hierarchy for app with pid 3371
    t =  2700.73s Find the Application 'com.zhiliaoapp.musically'
    t =  2700.73s     Requesting snapshot of accessibility hierarchy for app with pid 3371
2026-08-22 01:10:59.284899+0200 WebDriverAgentRunner-Runner[3383:536655] Getting the most recent active application (out of 1 total items)
    t =  2703.90s Find the Application 'com.zhiliaoapp.musically'
    t =  2703.90s     Requesting snapshot of accessibility hierarchy for app with pid 3371
    t =  2703.98s Find the Application 'com.zhiliaoapp.musically'
    t =  2703.99s     Requesting snapshot of accessibility hierarchy for app with pid 3371
    t =  2704.05s Find the Application 'com.zhiliaoapp.musically'
    t =  2704.06s     Requesting snapshot of accessibility hierarchy for app with pid 3371
    t =  2704.11s Find the Application 'com.zhiliaoapp.musically'
    t =  2704.11s     Requesting snapshot of accessibility hierarchy for app with pid 3371
2026-08-22 01:11:08.098936+0200 WebDriverAgentRunner-Runner[3383:536655] Getting the most recent active application (out of 1 total items)
    t =  2712.71s Find the Application 'com.zhiliaoapp.musically'
    t =  2712.72s     Requesting snapshot of accessibility hierarchy for app with pid 3371
    t =  2712.80s Find the Application 'com.zhiliaoapp.musically'
    t =  2712.80s     Requesting snapshot of accessibility hierarchy for app with pid 3371
    t =  2712.88s Find the Application 'com.zhiliaoapp.musically'
    t =  2712.89s     Requesting snapshot of accessibility hierarchy for app with pid 3371
    t =  2712.95s Find the Application 'com.zhiliaoapp.musically'
    t =  2712.95s     Requesting snapshot of accessibility hierarchy for app with pid 3371
2026-08-22 01:11:13.300126+0200 WebDriverAgentRunner-Runner[3383:536655] Getting the most recent active application (out of 1 total items)
    t =  2717.92s Find the Application 'com.zhiliaoapp.musically'
    t =  2717.92s     Requesting snapshot of accessibility hierarchy for app with pid 3371
    t =  2718.00s Find the Application 'com.zhiliaoapp.musically'
    t =  2718.00s     Requesting snapshot of accessibility hierarchy for app with pid 3371
    t =  2718.07s Find the Application 'com.zhiliaoapp.musically'
    t =  2718.08s     Requesting snapshot of accessibility hierarchy for app with pid 3371
    t =  2718.14s Find the Application 'com.zhiliaoapp.musically'
    t =  2718.15s     Requesting snapshot of accessibility hierarchy for app with pid 3371
2026-08-22 01:11:20.153867+0200 WebDriverAgentRunner-Runner[3383:536655] Getting the most recent active application (out of 1 total items)
    t =  2724.77s Find the Application 'com.zhiliaoapp.musically'
    t =  2724.78s     Requesting snapshot of accessibility hierarchy for app with pid 3371
    t =  2724.85s Find the Application 'com.zhiliaoapp.musically'
    t =  2724.86s     Requesting snapshot of accessibility hierarchy for app with pid 3371
    t =  2724.93s Find the Application 'com.zhiliaoapp.musically'
    t =  2724.93s     Requesting snapshot of accessibility hierarchy for app with pid 3371
    t =  2725.00s Find the Application 'com.zhiliaoapp.musically'
    t =  2725.00s     Requesting snapshot of accessibility hierarchy for app with pid 3371
2026-08-22 01:11:25.203190+0200 WebDriverAgentRunner-Runner[3383:536655] Getting the most recent active application (out of 1 total items)
    t =  2729.82s Find the Application 'com.zhiliaoapp.musically'
    t =  2729.83s     Requesting snapshot of accessibility hierarchy for app with pid 3371
    t =  2729.91s Find the Application 'com.zhiliaoapp.musically'
    t =  2729.91s     Requesting snapshot of accessibility hierarchy for app with pid 3371
    t =  2729.98s Find the Application 'com.zhiliaoapp.musically'
    t =  2729.99s     Requesting snapshot of accessibility hierarchy for app with pid 3371
    t =  2730.04s Find the Application 'com.zhiliaoapp.musically'
    t =  2730.04s     Requesting snapshot of accessibility hierarchy for app with pid 3371
2026-08-22 01:11:31.149217+0200 WebDriverAgentRunner-Runner[3383:536655] Getting the most recent active application (out of 1 total items)
    t =  2735.77s Find the Application 'com.zhiliaoapp.musically'
    t =  2735.78s     Requesting snapshot of accessibility hierarchy for app with pid 3371
    t =  2735.86s Find the Application 'com.zhiliaoapp.musically'
    t =  2735.86s     Requesting snapshot of accessibility hierarchy for app with pid 3371
    t =  2735.94s Find the Application 'com.zhiliaoapp.musically'
    t =  2735.94s     Requesting snapshot of accessibility hierarchy for app with pid 3371
    t =  2736.00s Find the Application 'com.zhiliaoapp.musically'
    t =  2736.00s     Requesting snapshot of accessibility hierarchy for app with pid 3371
2026-08-22 01:11:37.083317+0200 WebDriverAgentRunner-Runner[3383:536655] Getting the most recent active application (out of 1 total items)
    t =  2741.70s Find the Application 'com.zhiliaoapp.musically'
    t =  2741.70s     Requesting snapshot of accessibility hierarchy for app with pid 3371
    t =  2741.78s Find the Application 'com.zhiliaoapp.musically'
    t =  2741.78s     Requesting snapshot of accessibility hierarchy for app with pid 3371
    t =  2741.86s Find the Application 'com.zhiliaoapp.musically'
    t =  2741.86s     Requesting snapshot of accessibility hierarchy for app with pid 3371
    t =  2741.92s Find the Application 'com.zhiliaoapp.musically'
    t =  2741.93s     Requesting snapshot of accessibility hierarchy for app with pid 3371
2026-08-22 01:11:45.830264+0200 WebDriverAgentRunner-Runner[3383:536655] Getting the most recent active application (out of 1 total items)
    t =  2750.45s Find the Application 'com.zhiliaoapp.musically'
    t =  2750.46s     Requesting snapshot of accessibility hierarchy for app with pid 3371
    t =  2750.54s Find the Application 'com.zhiliaoapp.musically'
    t =  2750.54s     Requesting snapshot of accessibility hierarchy for app with pid 3371
    t =  2750.61s Find the Application 'com.zhiliaoapp.musically'
    t =  2750.61s     Requesting snapshot of accessibility hierarchy for app with pid 3371
    t =  2750.67s Find the Application 'com.zhiliaoapp.musically'
    t =  2750.68s     Requesting snapshot of accessibility hierarchy for app with pid 3371
2026-08-22 01:11:54.410933+0200 WebDriverAgentRunner-Runner[3383:536655] Getting the most recent active application (out of 1 total items)
    t =  2759.03s Find the Application 'com.zhiliaoapp.musically'
    t =  2759.03s     Requesting snapshot of accessibility hierarchy for app with pid 3371
    t =  2759.11s Find the Application 'com.zhiliaoapp.musically'
    t =  2759.12s     Requesting snapshot of accessibility hierarchy for app with pid 3371
    t =  2759.20s Find the Application 'com.zhiliaoapp.musically'
    t =  2759.20s     Requesting snapshot of accessibility hierarchy for app with pid 3371
    t =  2759.27s Find the Application 'com.zhiliaoapp.musically'
    t =  2759.27s     Requesting snapshot of accessibility hierarchy for app with pid 3371
2026-08-22 01:12:10.367242+0200 WebDriverAgentRunner-Runner[3383:536655] Getting the most recent active application (out of 1 total items)
    t =  2774.98s Find the Application 'com.zhiliaoapp.musically'
    t =  2774.99s     Requesting snapshot of accessibility hierarchy for app with pid 3371
    t =  2775.07s Find the Application 'com.zhiliaoapp.musically'
    t =  2775.07s     Requesting snapshot of accessibility hierarchy for app with pid 3371
    t =  2775.15s Find the Application 'com.zhiliaoapp.musically'
    t =  2775.15s     Requesting snapshot of accessibility hierarchy for app with pid 3371
    t =  2775.21s Find the Application 'com.zhiliaoapp.musically'
    t =  2775.22s     Requesting snapshot of accessibility hierarchy for app with pid 3371
2026-08-22 01:12:18.425558+0200 WebDriverAgentRunner-Runner[3383:536655] Getting the most recent active application (out of 1 total items)
    t =  2783.04s Find the Application 'com.zhiliaoapp.musically'
    t =  2783.05s     Requesting snapshot of accessibility hierarchy for app with pid 3371
    t =  2783.13s Find the Application 'com.zhiliaoapp.musically'
    t =  2783.13s     Requesting snapshot of accessibility hierarchy for app with pid 3371
    t =  2783.21s Find the Application 'com.zhiliaoapp.musically'
    t =  2783.21s     Requesting snapshot of accessibility hierarchy for app with pid 3371
    t =  2783.40s Find the Application 'com.zhiliaoapp.musically'
    t =  2783.42s     Requesting snapshot of accessibility hierarchy for app with pid 3371
2026-08-22 01:12:25.784681+0200 WebDriverAgentRunner-Runner[3383:536655] Getting the most recent active application (out of 1 total items)
    t =  2790.40s Find the Application 'com.zhiliaoapp.musically'
    t =  2790.40s     Requesting snapshot of accessibility hierarchy for app with pid 3371
    t =  2790.48s Find the Application 'com.zhiliaoapp.musically'
    t =  2790.48s     Requesting snapshot of accessibility hierarchy for app with pid 3371
    t =  2790.56s Find the Application 'com.zhiliaoapp.musically'
    t =  2790.56s     Requesting snapshot of accessibility hierarchy for app with pid 3371
    t =  2790.63s Find the Application 'com.zhiliaoapp.musically'
    t =  2790.63s     Requesting snapshot of accessibility hierarchy for app with pid 3371
2026-08-22 01:12:29.876660+0200 WebDriverAgentRunner-Runner[3383:536655] Getting the most recent active application (out of 1 total items)
    t =  2794.49s Find the Application 'com.zhiliaoapp.musically'
    t =  2794.50s     Requesting snapshot of accessibility hierarchy for app with pid 3371
    t =  2794.58s Find the Application 'com.zhiliaoapp.musically'
    t =  2794.59s     Requesting snapshot of accessibility hierarchy for app with pid 3371
    t =  2794.65s Find the Application 'com.zhiliaoapp.musically'
    t =  2794.65s     Requesting snapshot of accessibility hierarchy for app with pid 3371
    t =  2794.71s Find the Application 'com.zhiliaoapp.musically'
    t =  2794.72s     Requesting snapshot of accessibility hierarchy for app with pid 3371
2026-08-22 01:12:49.574673+0200 WebDriverAgentRunner-Runner[3383:536655] Getting the most recent active application (out of 1 total items)
    t =  2814.19s Find the Application 'com.zhiliaoapp.musically'
    t =  2814.20s     Requesting snapshot of accessibility hierarchy for app with pid 3371
    t =  2814.28s Find the Application 'com.zhiliaoapp.musically'
    t =  2814.28s     Requesting snapshot of accessibility hierarchy for app with pid 3371
    t =  2814.34s Find the Application 'com.zhiliaoapp.musically'
    t =  2814.35s     Requesting snapshot of accessibility hierarchy for app with pid 3371
    t =  2814.40s Find the Application 'com.zhiliaoapp.musically'
    t =  2814.40s     Requesting snapshot of accessibility hierarchy for app with pid 3371
2026-08-22 01:12:58.233964+0200 WebDriverAgentRunner-Runner[3383:536655] Getting the most recent active application (out of 1 total items)
    t =  2822.84s Find the Application 'com.zhiliaoapp.musically'
    t =  2822.85s     Requesting snapshot of accessibility hierarchy for app with pid 3371
    t =  2822.92s Find the Application 'com.zhiliaoapp.musically'
    t =  2822.93s     Requesting snapshot of accessibility hierarchy for app with pid 3371
    t =  2822.99s Find the Application 'com.zhiliaoapp.musically'
    t =  2822.99s     Requesting snapshot of accessibility hierarchy for app with pid 3371
    t =  2823.03s Find the Application 'com.zhiliaoapp.musically'
    t =  2823.03s     Requesting snapshot of accessibility hierarchy for app with pid 3371
2026-08-22 01:13:19.009060+0200 WebDriverAgentRunner-Runner[3383:536655] Getting the most recent active application (out of 1 total items)
    t =  2843.62s Find the Application 'com.zhiliaoapp.musically'
    t =  2843.63s     Requesting snapshot of accessibility hierarchy for app with pid 3371
    t =  2843.71s Find the Application 'com.zhiliaoapp.musically'
    t =  2843.71s     Requesting snapshot of accessibility hierarchy for app with pid 3371
    t =  2843.79s Find the Application 'com.zhiliaoapp.musically'
    t =  2843.79s     Requesting snapshot of accessibility hierarchy for app with pid 3371
    t =  2843.86s Find the Application 'com.zhiliaoapp.musically'
    t =  2843.87s     Requesting snapshot of accessibility hierarchy for app with pid 3371
    t =  2850.44s Device orientation changed to Portrait
2026-08-22 01:13:25.850620+0200 WebDriverAgentRunner-Runner[3383:536655] Getting the most recent active application (out of 1 total items)
    t =  2850.46s Find the Application 'com.zhiliaoapp.musically'
    t =  2850.48s     Requesting snapshot of accessibility hierarchy for app with pid 3371
    t =  2850.53s Find the Application 'com.zhiliaoapp.musically'
    t =  2850.53s     Requesting snapshot of accessibility hierarchy for app with pid 3371
    t =  2850.67s Find the Application 'com.zhiliaoapp.musically'
    t =  2850.68s     Requesting snapshot of accessibility hierarchy for app with pid 3371
    t =  2850.71s Find the Application 'com.zhiliaoapp.musically'
    t =  2850.71s     Requesting snapshot of accessibility hierarchy for app with pid 3371
    t =  2862.04s Device orientation changed to Face Up
    t =  2862.05s Device orientation changed to Portrait
2026-08-22 01:13:37.454856+0200 WebDriverAgentRunner-Runner[3383:536655] Getting the most recent active application (out of 1 total items)
    t =  2862.07s Find the Application 'com.zhiliaoapp.musically'
    t =  2862.07s     Requesting snapshot of accessibility hierarchy for app with pid 3371
    t =  2862.10s Find the Application 'com.zhiliaoapp.musically'
    t =  2862.11s     Requesting snapshot of accessibility hierarchy for app with pid 3371
    t =  2862.16s Find the Application 'com.zhiliaoapp.musically'
    t =  2862.16s     Requesting snapshot of accessibility hierarchy for app with pid 3371
    t =  2862.21s Find the Application 'com.zhiliaoapp.musically'
    t =  2862.21s     Requesting snapshot of accessibility hierarchy for app with pid 3371
    t =  2862.89s Device orientation changed to Face Up
2026-08-22 01:13:44.561919+0200 WebDriverAgentRunner-Runner[3383:536655] Getting the most recent active application (out of 1 total items)
    t =  2869.17s Find the Application 'com.zhiliaoapp.musically'
    t =  2869.18s     Requesting snapshot of accessibility hierarchy for app with pid 3371
    t =  2869.26s Find the Application 'com.zhiliaoapp.musically'
    t =  2869.26s     Requesting snapshot of accessibility hierarchy for app with pid 3371
    t =  2869.34s Find the Application 'com.zhiliaoapp.musically'
    t =  2869.34s     Requesting snapshot of accessibility hierarchy for app with pid 3371
    t =  2869.41s Find the Application 'com.zhiliaoapp.musically'
    t =  2869.41s     Requesting snapshot of accessibility hierarchy for app with pid 3371
2026-08-22 01:13:50.532202+0200 WebDriverAgentRunner-Runner[3383:536655] Getting the most recent active application (out of 1 total items)
    t =  2875.15s Find the Application 'com.zhiliaoapp.musically'
    t =  2875.15s     Requesting snapshot of accessibility hierarchy for app with pid 3371
    t =  2875.23s Find the Application 'com.zhiliaoapp.musically'
    t =  2875.23s     Requesting snapshot of accessibility hierarchy for app with pid 3371
    t =  2875.31s Find the Application 'com.zhiliaoapp.musically'
    t =  2875.31s     Requesting snapshot of accessibility hierarchy for app with pid 3371
    t =  2875.39s Find the Application 'com.zhiliaoapp.musically'
    t =  2875.39s     Requesting snapshot of accessibility hierarchy for app with pid 3371
2026-08-22 01:13:55.486533+0200 WebDriverAgentRunner-Runner[3383:536655] Getting the most recent active application (out of 1 total items)
    t =  2880.10s Find the Application 'com.zhiliaoapp.musically'
    t =  2880.23s     Requesting snapshot of accessibility hierarchy for app with pid 3371
    t =  2880.32s Find the Application 'com.zhiliaoapp.musically'
    t =  2880.32s     Requesting snapshot of accessibility hierarchy for app with pid 3371
    t =  2880.40s Find the Application 'com.zhiliaoapp.musically'
    t =  2880.41s     Requesting snapshot of accessibility hierarchy for app with pid 3371
    t =  2880.47s Find the Application 'com.zhiliaoapp.musically'
    t =  2880.47s     Requesting snapshot of accessibility hierarchy for app with pid 3371
2026-08-22 01:13:59.937136+0200 WebDriverAgentRunner-Runner[3383:536655] Getting the most recent active application (out of 1 total items)
    t =  2884.55s Find the Application 'com.zhiliaoapp.musically'
    t =  2884.56s     Requesting snapshot of accessibility hierarchy for app with pid 3371
    t =  2884.64s Find the Application 'com.zhiliaoapp.musically'
    t =  2884.64s     Requesting snapshot of accessibility hierarchy for app with pid 3371
    t =  2884.72s Find the Application 'com.zhiliaoapp.musically'
    t =  2884.73s     Requesting snapshot of accessibility hierarchy for app with pid 3371
    t =  2884.80s Find the Application 'com.zhiliaoapp.musically'
    t =  2884.81s     Requesting snapshot of accessibility hierarchy for app with pid 3371
2026-08-22 01:14:05.719348+0200 WebDriverAgentRunner-Runner[3383:536655] Getting the most recent active application (out of 1 total items)
    t =  2890.33s Find the Application 'com.zhiliaoapp.musically'
    t =  2890.34s     Requesting snapshot of accessibility hierarchy for app with pid 3371
    t =  2890.42s Find the Application 'com.zhiliaoapp.musically'
    t =  2890.42s     Requesting snapshot of accessibility hierarchy for app with pid 3371
    t =  2890.50s Find the Application 'com.zhiliaoapp.musically'
    t =  2890.50s     Requesting snapshot of accessibility hierarchy for app with pid 3371
    t =  2890.56s Find the Application 'com.zhiliaoapp.musically'
    t =  2890.57s     Requesting snapshot of accessibility hierarchy for app with pid 3371
2026-08-22 01:14:27.560736+0200 WebDriverAgentRunner-Runner[3383:536655] Getting the most recent active application (out of 1 total items)
    t =  2912.18s Find the Application 'com.zhiliaoapp.musically'
    t =  2912.18s     Requesting snapshot of accessibility hierarchy for app with pid 3371
    t =  2912.26s Find the Application 'com.zhiliaoapp.musically'
    t =  2912.26s     Requesting snapshot of accessibility hierarchy for app with pid 3371
    t =  2912.34s Find the Application 'com.zhiliaoapp.musically'
    t =  2912.34s     Requesting snapshot of accessibility hierarchy for app with pid 3371
    t =  2912.41s Find the Application 'com.zhiliaoapp.musically'
    t =  2912.41s     Requesting snapshot of accessibility hierarchy for app with pid 3371
2026-08-22 01:14:32.485116+0200 WebDriverAgentRunner-Runner[3383:536655] Getting the most recent active application (out of 1 total items)
    t =  2917.10s Find the Application 'com.zhiliaoapp.musically'
    t =  2917.10s     Requesting snapshot of accessibility hierarchy for app with pid 3371
    t =  2917.17s Find the Application 'com.zhiliaoapp.musically'
    t =  2917.18s     Requesting snapshot of accessibility hierarchy for app with pid 3371
    t =  2917.23s Find the Application 'com.zhiliaoapp.musically'
    t =  2917.24s     Requesting snapshot of accessibility hierarchy for app with pid 3371
    t =  2917.30s Find the Application 'com.zhiliaoapp.musically'
    t =  2917.30s     Requesting snapshot of accessibility hierarchy for app with pid 3371
2026-08-22 01:14:38.839025+0200 WebDriverAgentRunner-Runner[3383:536655] Getting the most recent active application (out of 1 total items)
    t =  2923.45s Find the Application 'com.zhiliaoapp.musically'
    t =  2923.46s     Requesting snapshot of accessibility hierarchy for app with pid 3371
    t =  2923.53s Find the Application 'com.zhiliaoapp.musically'
    t =  2923.54s     Requesting snapshot of accessibility hierarchy for app with pid 3371
    t =  2923.61s Find the Application 'com.zhiliaoapp.musically'
    t =  2923.62s     Requesting snapshot of accessibility hierarchy for app with pid 3371
    t =  2923.68s Find the Application 'com.zhiliaoapp.musically'
    t =  2923.68s     Requesting snapshot of accessibility hierarchy for app with pid 3371
2026-08-22 01:14:45.337992+0200 WebDriverAgentRunner-Runner[3383:536655] Getting the most recent active application (out of 1 total items)
    t =  2929.95s Find the Application 'com.zhiliaoapp.musically'
    t =  2929.96s     Requesting snapshot of accessibility hierarchy for app with pid 3371
    t =  2930.04s Find the Application 'com.zhiliaoapp.musically'
    t =  2930.05s     Requesting snapshot of accessibility hierarchy for app with pid 3371
    t =  2930.12s Find the Application 'com.zhiliaoapp.musically'
    t =  2930.13s     Requesting snapshot of accessibility hierarchy for app with pid 3371
    t =  2930.18s Find the Application 'com.zhiliaoapp.musically'
    t =  2930.19s     Requesting snapshot of accessibility hierarchy for app with pid 3371
2026-08-22 01:14:51.017494+0200 WebDriverAgentRunner-Runner[3383:536655] Getting the most recent active application (out of 1 total items)
    t =  2935.63s Find the Application 'com.zhiliaoapp.musically'
    t =  2935.64s     Requesting snapshot of accessibility hierarchy for app with pid 3371
    t =  2935.72s Find the Application 'com.zhiliaoapp.musically'
    t =  2935.72s     Requesting snapshot of accessibility hierarchy for app with pid 3371
2026-08-22 01:14:54.080725+0200 WebDriverAgentRunner-Runner[3383:536655] Getting the most recent active application (out of 1 total items)
    t =  2938.69s Get all elements bound by accessibility element for: Descendants matching type TextView
    t =  2938.70s     Requesting snapshot of accessibility hierarchy for app with pid 3371
    t =  2938.74s     Find: Descendants matching type TextView
    t =  2938.77s Pressing Home button
    t =  2939.77s Open com.zhiliaoapp.musically
    t =  2939.78s     Activate com.zhiliaoapp.musically
2026-08-22 01:14:55.213065+0200 WebDriverAgentRunner-Runner[3383:536655] Quiescence checks are disabled for com.zhiliaoapp.musically application. Making it to believe it is idling
2026-08-22 01:14:55.255787+0200 WebDriverAgentRunner-Runner[3383:536655] Getting the most recent active application (out of 1 total items)
    t =  2939.87s Find the Application 'com.zhiliaoapp.musically'
    t =  2939.87s     Requesting snapshot of accessibility hierarchy for app with pid 3371
    t =  2940.41s Find the Application 'com.zhiliaoapp.musically'
    t =  2940.41s     Requesting snapshot of accessibility hierarchy for app with pid 3371
    t =  2940.44s Find the Application 'com.zhiliaoapp.musically'
    t =  2940.44s     Requesting snapshot of accessibility hierarchy for app with pid 3371
    t =  2940.45s Find the Application 'com.zhiliaoapp.musically'
    t =  2940.46s     Requesting snapshot of accessibility hierarchy for app with pid 3371
2026-08-22 01:15:01.497069+0200 WebDriverAgentRunner-Runner[3383:536655] Getting the most recent active application (out of 1 total items)
    t =  2946.11s Find the Application 'com.zhiliaoapp.musically'
    t =  2946.12s     Requesting snapshot of accessibility hierarchy for app with pid 3371
    t =  2946.17s Find the Application 'com.zhiliaoapp.musically'
    t =  2946.17s     Requesting snapshot of accessibility hierarchy for app with pid 3371
    t =  2946.21s Find the Application 'com.zhiliaoapp.musically'
    t =  2946.22s     Requesting snapshot of accessibility hierarchy for app with pid 3371
    t =  2946.26s Find the Application 'com.zhiliaoapp.musically'
    t =  2946.26s     Requesting snapshot of accessibility hierarchy for app with pid 3371
2026-08-22 01:15:07.519397+0200 WebDriverAgentRunner-Runner[3383:536655] Getting the most recent active application (out of 1 total items)
    t =  2952.13s Find the Application 'com.zhiliaoapp.musically'
    t =  2952.14s     Requesting snapshot of accessibility hierarchy for app with pid 3371
    t =  2952.19s Find the Application 'com.zhiliaoapp.musically'
    t =  2952.20s     Requesting snapshot of accessibility hierarchy for app with pid 3371
    t =  2952.25s Find the Application 'com.zhiliaoapp.musically'
    t =  2952.26s     Requesting snapshot of accessibility hierarchy for app with pid 3371
    t =  2952.30s Find the Application 'com.zhiliaoapp.musically'
    t =  2952.30s     Requesting snapshot of accessibility hierarchy for app with pid 3371
2026-08-22 01:15:13.152388+0200 WebDriverAgentRunner-Runner[3383:536655] Getting the most recent active application (out of 1 total items)
    t =  2957.77s Find the Application 'com.zhiliaoapp.musically'
    t =  2957.77s     Requesting snapshot of accessibility hierarchy for app with pid 3371
    t =  2957.82s Find the Application 'com.zhiliaoapp.musically'
    t =  2957.82s     Requesting snapshot of accessibility hierarchy for app with pid 3371
    t =  2957.86s Find the Application 'com.zhiliaoapp.musically'
    t =  2957.86s     Requesting snapshot of accessibility hierarchy for app with pid 3371
    t =  2957.89s Find the Application 'com.zhiliaoapp.musically'
    t =  2957.89s     Requesting snapshot of accessibility hierarchy for app with pid 3371
2026-08-22 01:15:18.942281+0200 WebDriverAgentRunner-Runner[3383:536655] Getting the most recent active application (out of 1 total items)
    t =  2963.56s Find the Application 'com.zhiliaoapp.musically'
    t =  2963.56s     Requesting snapshot of accessibility hierarchy for app with pid 3371
    t =  2963.62s Find the Application 'com.zhiliaoapp.musically'
    t =  2963.62s     Requesting snapshot of accessibility hierarchy for app with pid 3371
    t =  2963.67s Find the Application 'com.zhiliaoapp.musically'
    t =  2963.68s     Requesting snapshot of accessibility hierarchy for app with pid 3371
    t =  2963.72s Find the Application 'com.zhiliaoapp.musically'
    t =  2963.72s     Requesting snapshot of accessibility hierarchy for app with pid 3371
2026-08-22 01:15:23.694929+0200 WebDriverAgentRunner-Runner[3383:536655] Getting the most recent active application (out of 1 total items)
    t =  2968.31s Find the Application 'com.zhiliaoapp.musically'
    t =  2968.32s     Requesting snapshot of accessibility hierarchy for app with pid 3371
    t =  2968.36s Find the Application 'com.zhiliaoapp.musically'
    t =  2968.37s     Requesting snapshot of accessibility hierarchy for app with pid 3371
    t =  2968.43s Find the Application 'com.zhiliaoapp.musically'
    t =  2968.43s     Requesting snapshot of accessibility hierarchy for app with pid 3371
    t =  2968.48s Find the Application 'com.zhiliaoapp.musically'
    t =  2968.48s     Requesting snapshot of accessibility hierarchy for app with pid 3371
2026-08-22 01:15:29.513749+0200 WebDriverAgentRunner-Runner[3383:536655] Getting the most recent active application (out of 1 total items)
    t =  2974.13s Find the Application 'com.zhiliaoapp.musically'
    t =  2974.13s     Requesting snapshot of accessibility hierarchy for app with pid 3371
    t =  2974.19s Find the Application 'com.zhiliaoapp.musically'
    t =  2974.19s     Requesting snapshot of accessibility hierarchy for app with pid 3371
    t =  2974.25s Find the Application 'com.zhiliaoapp.musically'
    t =  2974.25s     Requesting snapshot of accessibility hierarchy for app with pid 3371
    t =  2974.29s Find the Application 'com.zhiliaoapp.musically'
    t =  2974.29s     Requesting snapshot of accessibility hierarchy for app with pid 3371
2026-08-22 01:15:39.692908+0200 WebDriverAgentRunner-Runner[3383:536655] Getting the most recent active application (out of 1 total items)
    t =  2984.31s Find the Application 'com.zhiliaoapp.musically'
    t =  2984.32s     Requesting snapshot of accessibility hierarchy for app with pid 3371
    t =  2984.36s Find the Application 'com.zhiliaoapp.musically'
    t =  2984.36s     Requesting snapshot of accessibility hierarchy for app with pid 3371
    t =  2984.42s Find the Application 'com.zhiliaoapp.musically'
    t =  2984.42s     Requesting snapshot of accessibility hierarchy for app with pid 3371
    t =  2984.45s Find the Application 'com.zhiliaoapp.musically'
    t =  2984.46s     Requesting snapshot of accessibility hierarchy for app with pid 3371
2026-08-22 01:15:44.398477+0200 WebDriverAgentRunner-Runner[3383:536655] Getting the most recent active application (out of 1 total items)
    t =  2989.01s Find the Application 'com.zhiliaoapp.musically'
    t =  2989.02s     Requesting snapshot of accessibility hierarchy for app with pid 3371
    t =  2989.08s Find the Application 'com.zhiliaoapp.musically'
    t =  2989.09s     Requesting snapshot of accessibility hierarchy for app with pid 3371
    t =  2989.14s Find the Application 'com.zhiliaoapp.musically'
    t =  2989.14s     Requesting snapshot of accessibility hierarchy for app with pid 3371
    t =  2989.18s Find the Application 'com.zhiliaoapp.musically'
    t =  2989.19s     Requesting snapshot of accessibility hierarchy for app with pid 3371
2026-08-22 01:15:55.070684+0200 WebDriverAgentRunner-Runner[3383:536655] Getting the most recent active application (out of 1 total items)
    t =  2999.69s Find the Application 'com.zhiliaoapp.musically'
    t =  2999.69s     Requesting snapshot of accessibility hierarchy for app with pid 3371
    t =  2999.74s Find the Application 'com.zhiliaoapp.musically'
    t =  2999.74s     Requesting snapshot of accessibility hierarchy for app with pid 3371
    t =  2999.81s Find the Application 'com.zhiliaoapp.musically'
    t =  2999.81s     Requesting snapshot of accessibility hierarchy for app with pid 3371
    t =  2999.85s Find the Application 'com.zhiliaoapp.musically'
    t =  2999.85s     Requesting snapshot of accessibility hierarchy for app with pid 3371
2026-08-22 01:16:02.713025+0200 WebDriverAgentRunner-Runner[3383:536655] Getting the most recent active application (out of 1 total items)
    t =  3007.33s Find the Application 'com.zhiliaoapp.musically'
    t =  3007.33s     Requesting snapshot of accessibility hierarchy for app with pid 3371
    t =  3007.39s Find the Application 'com.zhiliaoapp.musically'
    t =  3007.39s     Requesting snapshot of accessibility hierarchy for app with pid 3371
    t =  3007.45s Find the Application 'com.zhiliaoapp.musically'
    t =  3007.45s     Requesting snapshot of accessibility hierarchy for app with pid 3371
    t =  3007.49s Find the Application 'com.zhiliaoapp.musically'
    t =  3007.49s     Requesting snapshot of accessibility hierarchy for app with pid 3371
2026-08-22 01:16:08.278270+0200 WebDriverAgentRunner-Runner[3383:536655] Getting the most recent active application (out of 1 total items)
    t =  3012.89s Find the Application 'com.zhiliaoapp.musically'
    t =  3012.90s     Requesting snapshot of accessibility hierarchy for app with pid 3371
    t =  3012.95s Find the Application 'com.zhiliaoapp.musically'
    t =  3012.96s     Requesting snapshot of accessibility hierarchy for app with pid 3371
    t =  3013.01s Find the Application 'com.zhiliaoapp.musically'
    t =  3013.02s     Requesting snapshot of accessibility hierarchy for app with pid 3371
    t =  3013.07s Find the Application 'com.zhiliaoapp.musically'
    t =  3013.07s     Requesting snapshot of accessibility hierarchy for app with pid 3371
2026-08-22 01:16:13.311752+0200 WebDriverAgentRunner-Runner[3383:536655] Getting the most recent active application (out of 1 total items)
    t =  3017.93s Find the Application 'com.zhiliaoapp.musically'
    t =  3017.93s     Requesting snapshot of accessibility hierarchy for app with pid 3371
    t =  3017.99s Find the Application 'com.zhiliaoapp.musically'
    t =  3017.99s     Requesting snapshot of accessibility hierarchy for app with pid 3371
    t =  3018.05s Find the Application 'com.zhiliaoapp.musically'
    t =  3018.05s     Requesting snapshot of accessibility hierarchy for app with pid 3371
    t =  3018.09s Find the Application 'com.zhiliaoapp.musically'
    t =  3018.09s     Requesting snapshot of accessibility hierarchy for app with pid 3371
2026-08-22 01:16:41.678117+0200 WebDriverAgentRunner-Runner[3383:536655] Getting the most recent active application (out of 1 total items)
    t =  3046.29s Find the Application 'com.zhiliaoapp.musically'
    t =  3046.30s     Requesting snapshot of accessibility hierarchy for app with pid 3371
    t =  3046.34s Find the Application 'com.zhiliaoapp.musically'
    t =  3046.34s     Requesting snapshot of accessibility hierarchy for app with pid 3371
    t =  3046.40s Find the Application 'com.zhiliaoapp.musically'
    t =  3046.40s     Requesting snapshot of accessibility hierarchy for app with pid 3371
    t =  3046.44s Find the Application 'com.zhiliaoapp.musically'
    t =  3046.44s     Requesting snapshot of accessibility hierarchy for app with pid 3371
2026-08-22 01:16:45.693251+0200 WebDriverAgentRunner-Runner[3383:536655] Getting the most recent active application (out of 1 total items)
    t =  3050.31s Find the Application 'com.zhiliaoapp.musically'
    t =  3050.31s     Requesting snapshot of accessibility hierarchy for app with pid 3371
    t =  3050.36s Find the Application 'com.zhiliaoapp.musically'
    t =  3050.37s     Requesting snapshot of accessibility hierarchy for app with pid 3371
    t =  3050.42s Find the Application 'com.zhiliaoapp.musically'
    t =  3050.42s     Requesting snapshot of accessibility hierarchy for app with pid 3371
    t =  3050.46s Find the Application 'com.zhiliaoapp.musically'
    t =  3050.46s     Requesting snapshot of accessibility hierarchy for app with pid 3371
2026-08-22 01:16:49.622458+0200 WebDriverAgentRunner-Runner[3383:536655] Getting the most recent active application (out of 1 total items)
    t =  3054.24s Find the Application 'com.zhiliaoapp.musically'
    t =  3054.24s     Requesting snapshot of accessibility hierarchy for app with pid 3371
    t =  3054.29s Find the Application 'com.zhiliaoapp.musically'
    t =  3054.30s     Requesting snapshot of accessibility hierarchy for app with pid 3371
    t =  3054.36s Find the Application 'com.zhiliaoapp.musically'
    t =  3054.36s     Requesting snapshot of accessibility hierarchy for app with pid 3371
    t =  3054.41s Find the Application 'com.zhiliaoapp.musically'
    t =  3054.41s     Requesting snapshot of accessibility hierarchy for app with pid 3371
2026-08-22 01:16:55.360809+0200 WebDriverAgentRunner-Runner[3383:536655] Getting the most recent active application (out of 1 total items)
    t =  3059.97s Find the Application 'com.zhiliaoapp.musically'
    t =  3059.98s     Requesting snapshot of accessibility hierarchy for app with pid 3371
    t =  3060.01s Find the Application 'com.zhiliaoapp.musically'
    t =  3060.02s     Requesting snapshot of accessibility hierarchy for app with pid 3371
    t =  3060.06s Find the Application 'com.zhiliaoapp.musically'
    t =  3060.06s     Requesting snapshot of accessibility hierarchy for app with pid 3371
    t =  3060.09s Find the Application 'com.zhiliaoapp.musically'
    t =  3060.10s     Requesting snapshot of accessibility hierarchy for app with pid 3371
2026-08-22 01:17:00.271354+0200 WebDriverAgentRunner-Runner[3383:536655] Getting the most recent active application (out of 1 total items)
    t =  3064.89s Find the Application 'com.zhiliaoapp.musically'
    t =  3065.01s     Requesting snapshot of accessibility hierarchy for app with pid 3371
    t =  3065.08s Find the Application 'com.zhiliaoapp.musically'
    t =  3065.08s     Requesting snapshot of accessibility hierarchy for app with pid 3371
    t =  3065.13s Find the Application 'com.zhiliaoapp.musically'
    t =  3065.14s     Requesting snapshot of accessibility hierarchy for app with pid 3371
    t =  3065.17s Find the Application 'com.zhiliaoapp.musically'
    t =  3065.18s     Requesting snapshot of accessibility hierarchy for app with pid 3371
2026-08-22 01:17:09.715235+0200 WebDriverAgentRunner-Runner[3383:536655] Getting the most recent active application (out of 1 total items)
    t =  3074.33s Find the Application 'com.zhiliaoapp.musically'
    t =  3074.34s     Requesting snapshot of accessibility hierarchy for app with pid 3371
    t =  3074.39s Find the Application 'com.zhiliaoapp.musically'
    t =  3074.39s     Requesting snapshot of accessibility hierarchy for app with pid 3371
    t =  3074.45s Find the Application 'com.zhiliaoapp.musically'
    t =  3074.45s     Requesting snapshot of accessibility hierarchy for app with pid 3371
    t =  3074.49s Find the Application 'com.zhiliaoapp.musically'
    t =  3074.49s     Requesting snapshot of accessibility hierarchy for app with pid 3371
2026-08-22 01:17:17.852264+0200 WebDriverAgentRunner-Runner[3383:536655] Getting the most recent active application (out of 1 total items)
    t =  3082.47s Find the Application 'com.zhiliaoapp.musically'
    t =  3082.47s     Requesting snapshot of accessibility hierarchy for app with pid 3371
    t =  3082.53s Find the Application 'com.zhiliaoapp.musically'
    t =  3082.53s     Requesting snapshot of accessibility hierarchy for app with pid 3371
2026-08-22 01:17:21.096171+0200 WebDriverAgentRunner-Runner[3383:536655] Getting the most recent active application (out of 1 total items)
    t =  3085.70s Get all elements bound by accessibility element for: Descendants matching type TextView
    t =  3085.72s     Requesting snapshot of accessibility hierarchy for app with pid 185
    t =  3085.82s     Find: Descendants matching type TextView
    t =  3085.90s Pressing Home button
    t =  3086.01s     Device orientation changed to Portrait
    t =  3087.00s Open com.zhiliaoapp.musically
    t =  3087.01s     Activate com.zhiliaoapp.musically
2026-08-22 01:17:22.423943+0200 WebDriverAgentRunner-Runner[3383:536655] Error Domain=FBSOpenApplicationServiceErrorDomain Code=1 "The request to open "com.zhiliaoapp.musically" failed." UserInfo={BSErrorCodeDescription=RequestDenied, NSUnderlyingError=0x1099bced0 {Error Domain=FBSOpenApplicationErrorDomain Code=7 "Unable to launch com.zhiliaoapp.musically because the device was not, or could not be, unlocked." UserInfo={BSErrorCodeDescription=Locked, NSLocalizedFailureReason=Unable to launch com.zhiliaoapp.musically because the device was not, or could not be, unlocked.}}, NSLocalizedDescription=The request to open "com.zhiliaoapp.musically" failed., FBSOpenApplicationRequestID=0xcbca, NSLocalizedFailureReason=The request was denied by service delegate (SBMainWorkspace) for reason: Locked ("Unable to launch com.zhiliaoapp.musically because the device was not, or could not be, unlocked").}
2026-08-22 01:17:22.559367+0200 WebDriverAgentRunner-Runner[3383:536655] Getting the most recent active application (out of 1 total items)
    t =  3087.28s         Find the Application 'com.apple.springboard'
    t =  3087.30s             Requesting snapshot of accessibility hierarchy for app with pid 185
    t =  3087.46s         Find the Application 'com.apple.springboard'
    t =  3087.47s             Requesting snapshot of accessibility hierarchy for app with pid 185
    t =  3087.60s         Find the Application 'com.apple.springboard'
    t =  3087.61s             Requesting snapshot of accessibility hierarchy for app with pid 185
    t =  3087.74s         Find the Application 'com.apple.springboard'
    t =  3087.74s             Requesting snapshot of accessibility hierarchy for app with pid 185
2026-08-22 01:17:27.833169+0200 WebDriverAgentRunner-Runner[3383:536655] Getting the most recent active application (out of 1 total items)
    t =  3092.45s         Find the Application 'com.apple.springboard'
    t =  3092.46s             Requesting snapshot of accessibility hierarchy for app with pid 185
    t =  3092.60s         Find the Application 'com.apple.springboard'
    t =  3092.61s             Requesting snapshot of accessibility hierarchy for app with pid 185
    t =  3092.73s         Find the Application 'com.apple.springboard'
    t =  3092.74s             Requesting snapshot of accessibility hierarchy for app with pid 185
    t =  3092.84s         Find the Application 'com.apple.springboard'
    t =  3092.85s             Requesting snapshot of accessibility hierarchy for app with pid 185
2026-08-22 01:17:38.974783+0200 WebDriverAgentRunner-Runner[3383:536655] Issue type: 0
2026-08-22 01:17:38.974985+0200 WebDriverAgentRunner-Runner[3383:536655] Enqueue Failure: Failed to get system application: Not authorized for performing UI testing actions. ((null)) (null) 0 0
2026-08-22 01:17:38.980761+0200 WebDriverAgentRunner-Runner[3383:536655] Issue type: 0
2026-08-22 01:17:38.980889+0200 WebDriverAgentRunner-Runner[3383:536655] Enqueue Failure: Failed to get list of active applications: Not authorized for performing UI testing actions. ((null)) (null) 0 0
2026-08-22 01:17:38.981017+0200 WebDriverAgentRunner-Runner[3383:536655] Cannot retrieve any active applications. Assuming the system application is the active one
2026-08-22 01:17:38.985830+0200 WebDriverAgentRunner-Runner[3383:536655] Issue type: 0
2026-08-22 01:17:38.985922+0200 WebDriverAgentRunner-Runner[3383:536655] Enqueue Failure: Failed to get system application: Not authorized for performing UI testing actions. ((null)) (null) 0 0
    t =  3103.61s         Find the Application 'local.pid.0'
    t =  3103.61s             Collecting debug information to assist test failure triage
2026-08-22 01:17:39.003137+0200 WebDriverAgentRunner-Runner[3383:536655] Issue type: 0
2026-08-22 01:17:39.003175+0200 WebDriverAgentRunner-Runner[3383:536655] Enqueue Failure: Failed to get matching snapshot: Application local.pid.0 is not running ((null)) (null) 0 0
    t =  3103.61s         Find the Application 'local.pid.0'
    t =  3103.61s             Collecting debug information to assist test failure triage
2026-08-22 01:17:39.008271+0200 WebDriverAgentRunner-Runner[3383:536655] Issue type: 0
2026-08-22 01:17:39.008300+0200 WebDriverAgentRunner-Runner[3383:536655] Enqueue Failure: Failed to get matching snapshot: Application local.pid.0 is not running ((null)) (null) 0 0
2026-08-22 01:17:39.008918+0200 WebDriverAgentRunner-Runner[3383:536655] Issue type: 0
2026-08-22 01:17:39.008942+0200 WebDriverAgentRunner-Runner[3383:536655] Enqueue Failure: No element snapshot found for Application 'local.pid.0'[0.00, 0.00] -> (187.0, 650.0) ((null)) (null) 0 0
2026-08-22 01:17:39.011502+0200 WebDriverAgentRunner-Runner[3383:536655] [general] *** Assertion failure in -[XCPointerEventPath initForTouchAtPoint:offset:], XCSynthesizedEventRecord.m:268
2026-08-22 01:17:39.051745+0200 WebDriverAgentRunner-Runner[3383:536655] Issue type: 0
2026-08-22 01:17:39.051782+0200 WebDriverAgentRunner-Runner[3383:536655] Enqueue Failure: Failed to get system application: Not authorized for performing UI testing actions. ((null)) (null) 0 0
    t =  3103.66s         Terminate com.apple.Preferences:3411
    t =  3104.89s             Device orientation changed to Face Up
2026-08-22 01:18:39.144651+0200 WebDriverAgentRunner-Runner[3383:536655] Issue type: 0
2026-08-22 01:18:39.144818+0200 WebDriverAgentRunner-Runner[3383:536655] Enqueue Failure: Failed to terminate com.apple.Preferences:3411: Failed to terminate com.apple.Preferences:0 ((null)) (null) 0 0
2026-08-22 02:42:42.778 xcodebuild[57541:4093678] [MT] IDELaunchReport: c79fd0c7f3a2a900:c79fd0c7f3a2a900: Finished with error: An error occurred while communicating with a remote process.
Domain: com.apple.dt.CoreDeviceError
Code: 3
User Info: {
    DVTErrorCreationDateKey = "2026-08-22 00:42:42 +0000";
    IDERunOperationFailingWorker = IDELaunchCoreDeviceWorker;
}
--
The connection was invalidated.
Domain: com.apple.Mercury.error
Code: 1001
User Info: {
    XPCConnectionDescription = "<RemoteXPCPeerConnection 0x72d19aa00> { <remote connection: 0x729670a00> { type = preconnected, state = canceled, remote service name = (null), server mode = 0, protocol version number = 1, protocol feature flags = 0x6, local service version = 0, remote service version = 0, traffic class = 0, (root, reply) helo received = (1, 1), next msg id = 7, first msg id = 1, send in progress = 0, preexisting socket = -1 }";
}
--

2026-08-22 02:42:42.778 xcodebuild[57541:4093678] [MT] IDELaunchReport: c79fd0c7f3a2a900:c79fd0c7f3a2a900: com.apple.dt.IDERunOperationWorkerFinished {
    "device_identifier" = "00008020-000D0CE43A99002E";
    "device_isCoreDevice" = 1;
    "device_model" = "iPhone11,2";
    "device_osBuild" = "18.7.7 (22H340)";
    "device_osBuild_monotonic" = 2207034000;
    "device_os_variant" = 1;
    "device_platform" = "com.apple.platform.iphoneos";
    "device_platform_family" = 2;
    "device_reality" = 1;
    "device_thinningType" = "iPhone11,2";
    "device_transport" = 1;
    "launchSession_schemeCommand" = Test;
    "launchSession_schemeCommand_enum" = 2;
    "launchSession_targetArch" = arm64;
    "launchSession_targetArch_enum" = 6;
    "operation_duration_ms" = 8212808;
    "operation_errorCode" = 1001;
    "operation_errorDomain" = "com.apple.dt.CoreDeviceError.3.com.apple.Mercury.error";
    "operation_errorWorker" = IDELaunchCoreDeviceWorker;
    "operation_error_reportable" = 1;
    "operation_name" = IDERunOperationWorkerGroup;
    "param_consoleMode" = 0;
    "param_debugger_attachToExtensions" = 0;
    "param_debugger_attachToXPC" = 0;
    "param_debugger_type" = 1;
    "param_destination_isProxy" = 0;
    "param_destination_platform" = "com.apple.platform.iphoneos";
    "param_diag_MTE_enable" = 0;
    "param_diag_MainThreadChecker_stopOnIssue" = 0;
    "param_diag_MallocStackLogging_enableDuringAttach" = 0;
    "param_diag_MallocStackLogging_enableForXPC" = 0;
    "param_diag_allowLocationSimulation" = 1;
    "param_diag_checker_mtc_enable" = 0;
    "param_diag_checker_tpc_enable" = 1;
    "param_diag_gpu_frameCapture_enable" = 3;
    "param_diag_gpu_shaderValidation_enable" = 0;
    "param_diag_gpu_validation_enable" = 1;
    "param_diag_guardMalloc_enable" = 0;
    "param_diag_memoryGraphOnResourceException" = 0;
    "param_diag_queueDebugging_enable" = 0;
    "param_diag_runtimeProfile_generate" = 0;
    "param_diag_sanitizer_asan_enable" = 0;
    "param_diag_sanitizer_tsan_enable" = 0;
    "param_diag_sanitizer_tsan_stopOnIssue" = 0;
    "param_diag_sanitizer_ubsan_enable" = 0;
    "param_diag_sanitizer_ubsan_stopOnIssue" = 0;
    "param_diag_showNonLocalizedStrings" = 0;
    "param_diag_viewDebugging_enabled" = 0;
    "param_diag_viewDebugging_insertDylibOnLaunch" = 0;
    "param_install_style" = 2;
    "param_launcher_UID" = 2;
    "param_launcher_allowDeviceSensorReplayData" = 0;
    "param_launcher_kind" = 0;
    "param_launcher_style" = 0;
    "param_launcher_substyle" = 64;
    "param_runnable_appExtensionHostRunMode" = 0;
    "param_runnable_productType" = "com.apple.product-type.application";
    "param_testing_launchedForTesting" = 1;
    "param_testing_suppressSimulatorApp" = 1;
    "param_testing_usingCLI" = 0;
    "sdk_canonicalName" = "iphoneos26.5";
    "sdk_osVersion" = "26.5";
    "sdk_platformID" = 2;
    "sdk_variant" = iphoneos;
    "sdk_version_monotonic" = 2305008100;
}


*** If you believe this error represents a bug, please attach the result bundle at /Users/jean/Library/Developer/Xcode/DerivedData/WebDriverAgent-entqkdybqjzegiahlgkxvxghpzdf/Logs/Test/Test-WebDriverAgentRunner-2026.08.22_00-25-48-+0200.xcresult

2026-08-22 02:42:43.298 xcodebuild[57541:4208968]  IDETestOperationsObserverDebug: Failure collecting diagnostics from devices: Process exited with error 1:
 ERROR: The operation couldn?t be completed. (CoreDeviceCLISupport.DiagnoseError error 0.)
This tool generates files that allow Apple to investigate issues with your
computer and help improve Apple products. The files might contain personal
information found on your device or associated with your Apple Account(s),
including but not limited to your name, serial numbers of your device,
your device name, your device's location over the last one to two days,
your attached peripheral devices, your user name, your email address and
email settings, file paths, file names, Siri suggestions, your computer's
IP addresses, and network connection information.

This information is used by Apple in accordance with its privacy policy
(www.apple.com/privacy) and is not shared with any other company. By using
this tool and sending the results to Apple, you consent to Apple using the
contents of these files to improve Apple products.

An error occurred while running devicectl diagnose. Will archive the diagnostics collected thus far.
Wrote file to /Users/jean/Library/Developer/Xcode/DerivedData/WebDriverAgent-entqkdybqjzegiahlgkxvxghpzdf/Logs/Test/Test-WebDriverAgentRunner-2026.08.22_00-25-48-+0200.xcresult/Staging/1_Test/Diagnostics/devicectl_diagnostics.zip
Partial devicectl diagnose bundle located here: /Users/jean/Library/Developer/Xcode/DerivedData/WebDriverAgent-entqkdybqjzegiahlgkxvxghpzdf/Logs/Test/Test-WebDriverAgentRunner-2026.08.22_00-25-48-+0200.xcresult/Staging/1_Test/Diagnostics/devicectl_diagnostics.zip

2026-08-22 02:42:43.329 xcodebuild[57541:4093678] [MT] IDETestOperationsObserverDebug: 8213.570 elapsed -- Testing started completed.
2026-08-22 02:42:43.330 xcodebuild[57541:4093678] [MT] IDETestOperationsObserverDebug: 0.000 sec, +0.000 sec -- start
2026-08-22 02:42:43.330 xcodebuild[57541:4093678] [MT] IDETestOperationsObserverDebug: 8213.570 sec, +8213.570 sec -- end

Test session results, code coverage, and logs:
	/Users/jean/Library/Developer/Xcode/DerivedData/WebDriverAgent-entqkdybqjzegiahlgkxvxghpzdf/Logs/Test/Test-WebDriverAgentRunner-2026.08.22_00-25-48-+0200.xcresult

Testing failed:
	An error occurred while communicating with a remote process.
	testRunner encountered an error (Encountered a problem with the test runner after launch. (Underlying Error: An error occurred while communicating with a remote process. (Underlying Error: The connection was invalidated.)))

** TEST EXECUTE FAILED **

Testing started
